统计期间,工业_产成品,工业_资产总计,工业_负债总计,工业_产品销售收入,工业生产者出厂价格指数,工业生产者出厂价格指数-生产资料,工业生产者出厂价格指数-生活资料,工业销售产值,工业增加值增长速度,固定资产投资完成额,固定资产投资完成额－第一产业,固定资产投资完成额－第二产业,固定资产投资完成额－第三产业,财政预算收入合计,各项税收,消费税,增值税,海关代征增值税：消费税,城市维护建设税,外贸企业出口退税,企业所得税,关 税,国家财政预算支出合计,基本建设支出,企业挖潜改造资金,科技三项费用,地质勘探费,工交商部门事业费,农林水气等部门支出,城市维护建设费,文教科学卫生事业费用,教育事业费,抚恤和社会福利救济费,社会保障支出,国防支出,行政管理费,公检法支出,武装警察部队经费,政策性补贴支出,其他各项支出,收支相抵,债务还本支出,宏观经济景气_预警指数,宏观经济景气_一致指数,宏观经济景气_先行指数,宏观经济景气_滞后指数,货币和准货币(M2),货币(M1),流通中的现金(M0),同比增长-货币和准货币(M2)(%),同比增长-货币(M1)(%),同比增长-流通中的现金(M0)(%),进出口总额,同比增长(%),进出口差额,居民消费价格指数,居民消费价格指数―城市,居民消费价格指数―农村,生产价格总指数,生产价格指数-种植业产品,生产价格指数-林业产品,生产价格指数-畜牧业产品,生产价格指数-渔业产品,企业家信心指数,企业景气指数,进出口总值,进口总值,出口总值,累计同期增长-进口(%),累计同期增长-出口(%),进口总值-初级产品,进口总值-工业制品,出口总值-初级产品,出口总值-工业制品,全社会固定资产投资-城镇,同比增长-城镇(%),货运量合计,货物周转量合计,客运量合计,旅客周转量合计,沿海主要港口货物吞吐量,沿海主要港口外贸货物吞吐量,民航总周转量,消费者预期指数,消费者满意指数,消费者信心指数
1978Q1,,,,,,,,,,,,,,,,,,,,,,,,,,,,,,,,,,,,,,,,,,,,,,,,82.78,19.49,,,,,,,,,,,,,,,,,,,,,,,,,,,,,,,,,,,,,
1978Q2,,,,,,,,,,,,,,,,,,,,,,,,,,,,,,,,,,,,,,,,,,,,,,,,74.51,17.85,,,,,,,,,,,,,,,,,,,,,,,,,,,,,,,,,,,,,
1978Q3,,,,,,,,,,,,,,,,,,,,,,,,,,,,,,,,,,,,,,,,,,,,,,,,76.35,18.83,,,,,,,,,,,,,,,,,,,,,,,,,,,,,,,,,,,,,
1978Q4,,,,,,,,,,,,,,,,,,,,,,,,,,,,,,,,,,,,,,,,,,,,,,,,85.95,21.2,,,,,,,,,,,,,,,,,,,,,,,,,,,,,,,,,,,,,
1979Q1,,,,,,,,,,,,,,,,,,,,,,,,,,,,,,,,,,,,,,,,,,,,,,,,83.32,21.9,,0.65,12.4,,,,,,,,,,,,,,,,,,,,,,,,,,,,,,,,,,
1979Q2,,,,,,,,,,,,,,,,,,,,,,,,,,,,,,,,,,,,,,,,,,,,,,,,81.47,20.87,,9.34,16.95,,,,,,,,,,,,,,,,,,,,,,,,,,,,,,,,,,
1979Q3,,,,,,,,,,,,,,,,,,,,,,,,,,,,,,,,,,,,,,,,,,,,,,,,87.12,22.56,,14.11,19.81,,,,,,,,,,,,,,,,,,,,,,,,,,,,,,,,,,
1979Q4,,,,,,,,,,,,,,,,,,,,,,,,,,,,,,,,,,,,,,,,,,,,,,,,106.94,26.77,,24.42,26.26,,,,,,,,,,,,,,,,,,,,,,,,,,,,,,,,,,
1980Q1,,,,,,,,,,,,,,,,,,,,,,,,,,,,,,,,,,,,,,,,,,,,,,,,96.39,26.15,,15.68,19.39,,,,,,,,,,,,,,,,,,,,,,,,,,,,,,,,,,
1980Q2,,,,,,,,,,,,,,,,,,,,,,,,,,,,,,,,,,,,,,,,,,,,,,,,98.3,24.33,,20.67,16.57,,,,,,,,,,,,,,,,,,,,,,,,,,,,,,,,,,
1980Q3,,,,,,,,,,,,,,,,,,,,,,,,,,,,,,,,,,,,,,,,,,,,,,,,108.18,27.44,,24.17,21.63,,,,,,,,,,,,,,,,,,,,,,,,,,,,,,,,,,
1980Q4,,,,,,,,,,,,,,,,,,,,,,,,,,,,,,,,,,,,,,,,,,,,,,,,131.57,34.62,,23.04,29.32,,,,,,,,,,,,,,,,,,,,,,,,,,,,,,,,,,
1981Q1,,,,,,,,,,,,,,,,,,,,,,,,,,,,,,,,,,,,,,,,,,,,,,,,128.91,32.56,,33.73,24.52,,,,,,,,,,,,,,,,,,,,,,,,,,,,,,,,,,
1981Q2,,,,,,,,,,,,,,,,,,,,,,,,,,,,,,,,,,,,,,,,,,,,,,,,129.78,30.64,,32.01,25.93,,,,,,,,,,,,,,,,,,,,,,,,,,,,,,,,,,
1981Q3,,,,,,,,,,,,,,,,,,,,,,,,,,,,,,,,,,,,,,,,,,,,,,,,139.34,33.32,,28.81,21.43,,,,,,,,,,,,,,,,,,,,,,,,,,,,,,,,,,
1981Q4,,,,,,,,,,,,,,,,,,,,,,,,,,,,,,,,,,,,,,,,,,,,,,,,163.66,39.63,,24.38,14.48,,,,,,,,,,,,,,,,,,,,,,,,,,,,,,,,,,
1982Q1,,,,,,,,,,,,,,,,,,,,,,,,,,,,,,,,,,,,,,,,,,,,,,,,156.97,37.79,,21.77,16.05,,,,,,,,,,,,,,,,,,,,,,,,,,,,,,,,,,
1982Q2,,,,,,,,,,,,,,,,,,,,,,,,,,,,,,,,,,,,,,,,,,,,,,,,156.74,35.25,,20.78,15.05,,,,,,,,,,,,,,,,,,,,,,,,,,,,,,,,,,
1982Q3,,,,,,,,,,,,,,,,,,,,,,,,,,,,,,,,,,,,,,,,,,,,,,,,164.29,37.74,,17.91,13.28,,,,,,,,,,,,,,,,,,,,,,,,,,,,,,,,,,
1982Q4,,,,,,,,,,,,,,,,,,,,,,,,,,,,,,,,,,,,,,,,,,,,,,,,188.51,43.91,,15.19,10.79,,,,,,,,,,,,,,,,,,,,,,,,,,,,,,,,,,
1983Q1,,,,,,,,,,,,,,,,,,,,,,,,,,,,,,,,,,,,,,,,,,,,,,,,192.58,43.33,,22.69,14.66,,,,,,,,,,,,,,,,,,,,,,,,,,,,,,,,,,
1983Q2,,,,,,,,,,,,,,,,,,,,,,,,,,,,,,,,,,,,,,,,,,,,,,,,197.51,42.2,,26.01,19.71,,,,,,,,,,,,,,,,,,,,,,,,,,,,,,,,,,
1983Q3,,,,,,,,,,,,,,,,,,,,,,,,,,,,,,,,,,,,,,,,,,,,,,,,208.22,46.73,,26.74,23.82,,,,,,,,,,,,,,,,,,,,,,,,,,,,,,,,,,
1983Q4,,,,,,,,,,,,,,,,,,,,,,,,,,,,,,,,,,,,,,,,,,,,,,,,216.5,52.98,,14.85,20.65,,,,,,,,,,,,,,,,,,,,,,,,,,,,,,,,,,
1984Q1,,,,,,,,,,,,,,,,,,,,,,,,,,,,,,,,,,,,,,,,,,,,,,,,206.57,51.12,,7.26,17.98,,,,,,,,,,,,,,,,,,,,,,,,,,,,,,,,,,
1984Q2,,,,,,,,,,,,,,,,,,,,,,,,,,,,,,,,,,,,,,,,,,,,,,,,210.3,49.08,,6.48,16.32,,,,,,,,,,,,,,,,,,,,,,,,,,,,,,,,,,
1984Q3,,,,,,,,,,,,,,,,,,,,,,,,,,,,,,,,,,,,,,,,,,,,,,,,232.46,58.72,,11.64,25.66,,,,,,,,,,,,,,,,,,,,,,,,,,,,,,,,,,
1984Q4,,,,,,,,,,,,,,,,,,,,,,,,,,,,,,,,,,,,,,,,,,,,,,,,284.52,79.21,,31.42,49.52,,,,,,,,,,,,,,,,,,,,,,,,,,,,,,,,,,
1985Q1,,,,,,,,,,,,,,,,,,,,,,,,,,,,,,,,,,,,,,,,,,,,,,,,282.21,78.76,,36.62,54.07,,,,,,,,,,,,,,,,,,,,,,,,,,,,,,,,,,
1985Q2,,,,,,,,,,,,,,,,,,,,,,,,,,,,,,,,,,,,,,,,,,,,,,,,263.94,75.75,,25.51,54.33,,,,,,,,,,,,,,,,,,,,,,,,,,,,,,,,,,
1985Q3,,,,,,,,,,,,,,,,,,,,,,,,,,,,,,,,,,,,,,,,,,,,,,,,271.95,82.71,,16.99,40.86,,,,,,,,,,,,,,,,,,,,,,,,,,,,,,,,,,
1985Q4,,,,,,,,,,,,,,,,,,,,,,,,,,,,,,,,,,,,,,,,,,,,,,,,301.14,98.78,,5.84,24.71,,,,,,,,,,,,,,,,,,,,,,,,,,,,,,,,,,
1986Q1,,,,,,,,,,,,,,,,,,,,,,,,,,,,,,,,,,,,,,,,,,,,,,,,285.41,89.88,,1.14,14.12,,,,,,,,,,,,,,,,,,,,,,,,,,,,,,,,,,
1986Q2,,,,,,,,,,,,,,,,,,,,,,,,,,,,,,,,,,,,,,,,,,,,,,,,299.08,88.85,,13.31,17.29,,,,,,,,,,,,,,,,,,,,,,,,,,,,,,,,,,
1986Q3,,,,,,,,,,,,,,,,,,,,,,,,,,,,,,,,,,,,,,,,,,,,,,,,321.99,97.86,,18.4,18.32,,,,,,,,,,,,,,,,,,,,,,,,,,,,,,,,,,
1986Q4,,,,,,,,,,,,,,,,,,,,,,,,,,,,,,,,,,,,,,,,,,,,,,,,385.6,121.84,,28.05,23.34,,,,,,,,,,,,,,,,,,,,,,,,,,,,,,,,,,
1987Q1,,,,,,,,,,,,,,,,,,,,,,,,,,,,,,,,,,,,,,,,,,,,,,,,372.6,114.26,,30.55,27.13,,,,,,,,,,,,,,,,,,,,,,,,,,,,,,,,,,
1987Q2,,,,,,,,,,,,,,,,,,,,,,,,,,,,,,,,,,,,,,,,,,,,,,,,382.54,113.54,,27.91,27.79,,,,,,,,,,,,,,,,,,,,,,,,,,,,,,,,,,
1987Q3,,,,,,,,,,,,,,,,,,,,,,,,,,,,,,,,,,,,,,,,,,,,,,,,414.83,126.99,,28.83,29.77,,,,,,,,,,,,,,,,,,,,,,,,,,,,,,,,,,
1987Q4,,,,,,,,,,,,,,,,,,,,,,,,,,,,,,,,,,,,,,,,,,,,,,,,448.17,145.46,,16.22,19.39,,,,,,,,,,,,,,,,,,,,,,,,,,,,,,,,,,
1988Q1,,,,,,,,,,,,,,,,,,,,,,,,,,,,,,,,,,,,,,,,,,,,,,,,451.01,144.25,,21.04,26.24,,,,,,,,,,,,,,,,,,,,,,,,,,,,,,,,,,
1988Q2,,,,,,,,,,,,,,,,,,,,,,,,,,,,,,,,,,,,,,,,,,,,,,,,494.49,154.31,,29.26,35.91,,,,,,,,,,,,,,,,,,,,,,,,,,,,,,,,,,
1988Q3,,,,,,,,,,,,,,,,,,,,,,,,,,,,,,,,,,,,,,,,,,,,,,,,534.46,185.03,,28.84,45.7,,,,,,,,,,,,,,,,,,,,,,,,,,,,,,,,,,
1988Q4,,,,,,,,,,,,,,,,,,,,,,,,,,,,,,,,,,,,,,,,,,,,,,,,549.02,213.4,,22.5,46.71,,,,,,,,,,,,,,,,,,,,,,,,,,,,,,,,,,
1989Q1,,,,,,,,,,,,,,,,,,,,,,,,,,,,,,,,,,,,,,,,,,,,,,,,525.25,209.91,,16.46,45.52,,,,,,,,,,,,,,,,,,,,,,,,,,,,,,,,,,
1989Q2,,,,,,,,,,,,,,,,,,,,,,,,,,,,,,,,,,,,,,,,,,,,,,,,526.88,208.11,,6.55,34.87,,,,,,,,,,,,,,,,,,,,,,,,,,,,,,,,,,
1989Q3,,,,,,,,,,,,,,,,,,,,,,,,,,,,,,,,,,,,,,,,,,,,,,,,530.04,208.24,,-0.83,12.54,,,,,,,,,,,,,,,,,,,,,,,,,,,,,,,,,,
1989Q4,,,,,,,,,,,,,,,,,,,,,,,,,,,,,,,,,,,,,,,,,,,,,,,,583.05,234.4,,6.2,9.84,,,,,,,,,,,,,,,,,,,,,,,,,,,,,,,,,,
1990Q1,,,,,,,,,,,,,,508.9,543.6,109.96,78.22,,,,86.71,31.48,,,,,,,,,,,,,,,,,,,,,,,,,,565.57,215.46,,7.68,2.65,,,,,,,,,,,,,,,,,,,,,,,,,,,,,,,,,,
1990Q2,,,,,,,,,,,,,,705.5,716.15,140.39,100.5,,,,127.33,34.2,,,,,,,,,,,,,,,,,,,,,,,,,,580.5,209.62,,10.18,0.73,,,,,,,,,,,,,,,,,,,,,,,,,,,,,,,,,,
1990Q3,,,,,,,,,,,,,,843.17,696.63,137.5,95.8,,,,115.86,35,,,,,,,,,,,,,,,,,,,,,,,,,,632.78,230.04,,19.38,10.47,,,,,,,,,,,,,,,,,,,,,,,,,,,,,,,,,,
1990Q4,,,,,,,,,,,,,,879.53,724.71,171.63,111.77,,,,97.47,48.94,,,,,,,,,,,,,,,,,,,,,,,,,1529.34,695.07,264.44,28,19.2,12.8,,,,,,,,,,,,,,,,,,,,,,,,,,,,,,,,,,
1991Q1,,,,,,,,,,,,,,585.81,568.05,113.58,91.5,,,,82.6,36.1,,,,,,,,,,,,,,,,,,,,,262.7,298.63,306.95,310.68,1529.34,706.91,258.56,28,24.99,20,,,,,,,,,,,,,,,,,,,,,,,,,,,,,,,,,,
1991Q2,,,,,,,,,,,,,,731.46,729.63,150.39,112.51,,,,126.94,41.28,,,,,,,,,,,,,,,,,,,,,272,302.49,311.52,313.91,1529.34,728.08,251.73,28,25.42,20.09,,,,,,,,,,,,,,,,,,,,,,,,,,,,,,,,,,
1991Q3,,,,,,,,,,,,,,873.72,729.85,153.87,106.85,,,,127.34,46.35,,,,,,,,,,,,,,,,,,,,,302.1,305.48,314.5,315.5,1529.34,797.21,273,28,25.99,18.67,,,,,,,,,,,,,,,,,,,,,,,,,,,,,,,,,,
1991Q4,,,,,,,,,,,,,,958.49,871.7,182.04,134.11,,,,174.81,58.22,,,,,,,,,,,,,,,,,,,,,316.7,306.54,319.35,310.24,1934.99,863.33,317.78,26.52,24.21,20.17,,,,,,,,,,,,,,,,,,,,,,,,,,,,,,,,,,
1992Q1,,,,,,,,,,,,,,681.99,677.25,134.56,141.1,,,,77.83,46.93,,,,,,,,,,,,,,,,,,,,,342.6,313.11,323,314.43,1934.99,887.27,311.72,26.52,25.51,20.56,,,,,,,,,,,,,,,,,,,,,,,,,,,,,,,,,,
1992Q2,,,,,,,,,,,,,,940.59,735.92,176.31,194.39,,28.89,,85.9,54.32,,,,,,,,,,,,,,,,,,,,,365.4,310.47,330.89,310.63,1934.99,966.67,315.59,26.52,32.77,25.37,,,,,,,,,,,,,,,,,,,,,,,,,,,,,,,,,,
1992Q3,,,,,,,,,,,,,,1045.91,801.95,161.9,183.32,,27.65,,158.65,54.6,,,,,,,,,,,,,,,,,,,,,355.3,315.07,335.48,308.02,1934.99,1055.64,355.94,26.52,32.42,30.38,,,,,,,,,,,,,,,,,,,,,,,,,,,,,,,,,,
1992Q4,,,,,,,,,,,,,,814.88,787.47,180.54,172.82,,31.52,,146.66,57.14,,,,,,,,,,,,,,,,,,,,,388.6,320.22,325.25,309.08,2540.22,1173.15,433.6,31.28,35.89,36.45,,,,,,,,,,,,,,,,,,,,,,,,,,,,,,,,,,
1993Q1,,,,,,,,,,816,,,,731.27,687.48,121.54,170.16,,26.28,,79.87,54.64,691.31,,,,,,,,,,,,,,,,,,,,420.6,335.55,323.16,315.81,2811.36,1403.25,455.79,31.28,51.52,46.22,,,,,,,,,,,,,,,,,,,,,,,,,,,,,,,,,,
1993Q2,,,,,,,,,,4662.96,,,,813.09,856.55,163.5,237.52,,34.77,,100.9,69.26,927.65,,,,,,,,,,,,,,,,,,,,446.1,341.64,317.25,317.78,2941.94,1470.11,486.36,31.28,45,54.11,,,,,,,,,,,,,,,,,,,,,,,,,,,,,,,,,,
1993Q3,,,,,,,,,,10185.85,,,,754.62,973.36,177.76,214.61,,33.76,,157.56,67.68,1194.5,,,,,,,,,,,,,,,,,,,,417.4,328.51,304.41,322.08,3035.32,1442.29,507.48,31.28,30.3,42.58,,,,,,,,,,,,,,,,,,,,,,,,,,,,,,,,,,
1993Q4,,,,,,,,,,10267.11,,,,1299.35,1240.02,287.99,376.45,,45.35,,110.66,61.21,1064.87,,,,,,,,,,,,,,,,,,,,401.3,324,308.27,330.46,3487.98,1628.04,586.47,37.31,38.78,35.26,,,,,,,,,,,,,,,,,,,,,,,,,,,,,,,,,,
1994Q1,,,,,,,,,,1138.49,,,,929.4,882.59,41.33,390.67,,32.8,,112.42,70.54,810.37,,,,,,,,,,,,,,,,,,,,372,314.4,297.23,341.75,3701.03,1643.7,583.46,25.6,17.1,28,,,,,,,,,,,,,,,,,,,,,,,,,,,,,,,,,,
1994Q2,,,,,,,,,,6493.49,,,,1091.47,1102.74,88.24,510.16,,45.56,,142.24,68.7,1162.98,,,,,,,,,,,,,,,,,,,,367.3,318,293.42,333.21,4003.95,1767.64,578.15,29.7,20.2,18.9,,,,,,,,,,,,,,,,,,,,,,,,,,,,,,,,,,
1994Q3,,,,,,,,,,14922.3,,,,1174.47,1168.67,106.41,479.28,,39.09,,197.31,66.44,1285.12,,,,,,,,,,,,,,,,,,,,408.7,328.22,301.76,332.89,4351.35,1900.95,641.29,36.9,31.8,26.4,,,,,,,,,,,,,,39957000,19254000,20703000,,,,,,,,,,,,,,,,,,
1994Q4,,,,,,,,,,14484.6,,,,2064.2,1558.19,167.16,675.92,,54.29,,160.24,60.05,1160.2,,,,,,,,,,,,,,,,,,,,413.4,325.9,300.34,329.02,4692.35,2054.07,728.86,34.53,26.17,24.28,,,,,,,,,,,,,,79273000,37736000,41537000,,,,,,,,,,,,,,,,,,
1995Q1,,,,,,,,,,1561.52,,,,1027.4,1028.36,73.49,449.28,,44.84,,184.29,50.79,1029.11,58.45,,,,,,,,,,,,,,,,,,,387.3,315.96,305.95,308.64,5029.71,2102.62,727.1,35.9,27.9,24.6,54.85,,7.09,122.6,121.9,123.5,,,,,,,,54846000,23876000,30969000,,,,,,,,,,,,,,,,,,
1995Q2,,,,,,,,,,8183.02,,,,1484.78,1453.15,129.33,672.38,,55.51,,189.22,73.58,1484.3,166.63,,,,,,,,,,,,,,,,,,,370,306.45,305.29,301.84,5315.03,2142.04,700.39,32.7,21.2,21.1,126.47,,13.21,121.1,120.6,121.9,,,,,,,,71620000,32754000,38871000,,,,,,,,,,,,,,,,,,
1995Q3,,,,,,,,,,17363.57,,,,1485.19,1456.46,115.18,568.85,,50.09,,207.46,84.77,1561.04,198.95,,,,,,,,,,,,,,,,,,,327.9,300.35,300.06,289.17,5681.32,2249.3,736.89,30.6,18.3,14.9,197.72,,16.43,119.1,118.6,119.6,,,,,,,,71252000,34017000,37235000,38,41.2,,,,,,,,,,,,,,,,
1995Q4,,,,,,,,,,36498.84,,,,2244.83,1641.35,174.74,690.6,,61.82,,146.24,86.6,1232.71,154.75,,,,,,,,,,,,,,,,,,,342,298.97,298.91,282.17,6075.05,2398.71,788.53,29.47,16.78,8.19,280.98,,16.7,117.1,116.8,117.5,,,,,,,,83263000,41497000,41766000,35.6,8.2,,,,,,,,,,,,,,,,
1996Q1,,,,,,,,,,1773.65,,,,1311.42,1277.44,95.06,551.6,104.73,54.26,,131.96,73.61,1178.64,70.38,,,,,,,,,,,,,,,,,,,323.3,302.39,296.92,293.43,6451.21,2390.93,816.91,28.3,13.7,12.4,57.65,5.1,-1.15,109.4,109.8,108.9,,,,,,,,57630376,29403936,28226439,78.8,-19.9,,,,,,,,,,,,,,,,
1996Q2,,,,,,,,,,9885.59,,,,1691.46,1624.86,159.68,768.91,118.53,62.51,,181.24,80.7,1723.05,193.65,,,,,,,,,,,,,,,,,,,317.4,298.08,298.98,299.94,6813.28,2462.01,766.57,28.2,14.9,9.4,127.24,0.6,0.88,109.2,109.7,108.8,,,,,,,,69647104,33844381,35802723,10.2,-23.1,,,,,,,,,,,,,,,,
1996Q3,,,,,,,,,,21094.26,,,,1748.47,1692.6,158.42,715.28,110.15,58.8,,195.18,81.56,1858.39,203.64,,,,,,,,,,,,,,,,,,,295.9,298.59,300.35,303.97,7204.26,2633.6,840.9,26.8,17.1,14.1,199.93,1.1,8.12,108.8,109.3,108.4,,,,,,,,72717095,32737859,39979234,-11.2,22,,,,,,,,,,,,,,,,
1996Q4,,,,,300.7,302.6,298.2,,,44045.32,,,,2656.55,1813.22,171.84,749.13,132.13,65.71,,200.85,68.16,1447.83,161.94,,,,,,,,,,,,,,,,,,,277.3,300.19,304.13,302.07,7609.49,2851.48,880.2,25.26,18.88,11.63,290.12,1.1,12.23,108.3,108.8,107.9,,,,,,,,90124275,42958723,47165552,7.9,41.4,,,,,,,,,,,,,,,,
1997Q1,,,,,301,302.2,299.2,,,2066.76,,,,1695.47,1637.98,124.2,652.73,118.72,62.14,,167.62,70.62,1394.91,95.99,,,,,,,,,,,,,,,,,,,292,295.18,303.27,296.01,7959.12,2962.9,928.01,21.1,18.4,13.6,64.29,11.6,6.72,105.2,105.4,104.9,,,,,,,,64389269,28803609,35585662,-6.8,76.4,,,,,,,,,,,,,,,,
1997Q2,,,,,299.8,300.1,299.1,,,11122.98,,,,2205.6,2113.33,179.08,842.2,135.63,67.46,,186.76,79.04,2117.69,233.81,,,,,,,,,,,,,,,,,,,300,294.07,300.07,297.21,8281.15,3107.47,912.16,19.1,20.6,19,143.87,13.1,17.78,104.1,104.3,103.8,,,,,,,,79358606,33998321,45360285,1.8,80.3,,,,,,,,,,,,,,,,
1997Q3,,,,,297.6,298.3,296.1,,,23118.11,,,,2024.27,1926.31,165.59,775.97,120.59,63.07,,129.02,77.96,2100.05,228.34,,,,,,,,,,,,,,,,,,,282,290.17,300.42,296.35,8589.24,3224.46,942.61,17.1,17.3,12.1,227.29,13.7,30.57,103.4,103.7,103.2,,,,,,,,83477690,35341993,48135697,24,61.9,,,,,,,,,,,,,,,,
1997Q4,,,,,297.6,298.4,296.2,,,48114.26,,,,2725.76,2112.81,163.42,801.55,178.98,72.02,,196.09,81.8,1611.6,183.36,,,,,,,,,,,,,,,,,,,263.3,287.11,297.97,294.45,9099.53,3482.63,1017.76,17.32,16.54,15.63,325.06,12.1,40.34,102.8,103.1,102.5,,,,,,,,97776009,44017074,53758935,13,44.8,,,,,,,,,,,,,,,,
1998Q1,,,,,292.9,292.2,294,,,2271.91,50.96,951.55,1269.41,1842.71,1766.66,134.81,659.37,107.76,62.55,-40.46,195.83,53.59,1566.5,96.32,,,,,,,,,,,,,,,,,,,206,283.66,297.51,288.6,9203.78,3311.07,1020.1,15.6,11.8,9.9,69.84,8.5,10.63,100.3,100.8,99.8,,,,,,,,69699884,29489382,40210502,9.8,41.4,,,,,,,,,,,,,,,,
1998Q2,,,,,286.9,285.4,289.7,,,12546.94,347.79,5083.46,7115.7,2415.44,2268.11,193.08,881.87,117.91,73.18,-111.95,191.72,59.22,2442.29,278.83,,,,,,,,,,,,,,,,,,,184.1,282.96,294.17,282.01,9465.76,3377.57,972.04,14.3,8.7,6.6,151.4,5.2,22.55,99.7,100.1,99.3,,,,,,,,81320432,34833284,46487147,7.6,7.6,,,,,,,,,,,,,,,,
1998Q3,,,,,285.3,282.4,290.4,,25.7,27168.53,743.46,10304.71,16120.37,2281.31,2163.57,200.5,893.55,141.91,68.49,-125.75,180.98,82.57,2584.72,446.71,,,,,,,,,,,,,,,,,,,187.3,284.32,291.49,279.87,9979.45,3650.14,1052.8,16.2,13.2,11.7,232.95,2.4,35.3,99.3,99.6,99,,,,,,,,81576095,34385840,47190256,-7.7,-5.6,,,,,,,,,,,,,,,,
1998Q4,,,,,285.1,281.2,289.4,,33.1,48952.84,1492.64,17641.58,29818.63,3336.49,2520.74,209.84,1033.93,175.08,77.12,-106.57,151.34,111.68,1915.86,263.24,,,,,,,,,,,,,,,,,,,202.7,284.96,296.77,281.24,10449.85,3895.37,1120.42,14.84,11.85,10.09,323.92,-0.4,43.59,99.2,99.4,99,,,,,,,,91535433,41676843,49858589,-14.5,-22.8,,,,,,,,,,,,,,,,
1999Q1,,204692.4,,21901.4,285.6,284.8,287,,29,2868.02,109.44,986.87,1771.7,2324.45,2231.76,169.8,791.59,223.18,70.57,-55.08,239.14,130.99,1840.24,139.13,44.53,20.21,17.99,26.15,71.75,60.05,433.82,288.81,27.2,20.74,260.87,167.29,116.16,36.08,74.23,323.95,484.2,933.48,189.4,279.4,299.68,283.98,10843.82,3805.36,1134.16,17.8,14.9,11.2,70.26,0.3,4.27,98.6,98.6,98.5,,,,,,,,70274193,33003596,37270596,32.7,-22.8,,,,,,,,,,,,,,322.7,310.4,317.8
1999Q2,,319773.6,,73843.3,289.1,290,287.5,,27.1,14706.81,626.21,4989.84,9090.75,2967.98,2797.34,196.45,999.96,253.52,81.27,-127.28,294.34,139.63,2804.29,456.78,111.14,40.86,19.5,27.02,146.55,102.19,534.27,345.18,33.47,42.14,270.23,183.54,139.51,39.24,129.61,464.74,163.69,221.68,181.3,279.15,303.4,279.78,11136.35,3882.18,1088.05,17.6,14.9,11.9,157.94,4.4,7.95,98.2,98.2,98.2,,,,,,,,87751766,42017577,45734189,61.9,-4.5,,,,,,,,,,,,,,324,313.9,320
1999Q3,,325927.5,,123838.2,293.1,295.6,288.6,,27,29969.96,1216.61,9977.87,18775.49,2617.02,2472.63,197.76,945.49,247.66,71.88,-174.87,211.79,134.47,3073.22,328.98,81.71,49.72,19.69,29.55,164.27,100.67,608.84,384.99,45.32,167.42,276.09,213.33,168.25,39.29,210.73,569.37,-466.19,623.62,194.7,279.41,301.6,280.49,11507.93,4191.39,1225.52,15.3,14.8,16.4,254.6,9.4,19.39,98.4,98.4,98.3,,,,,,,,96876133,42635870,54240264,72.3,45.1,,,,,,,,,,,,,,325.7,319.2,323.2
1999Q4,,333938,,180488.4,297.4,302.1,288.7,,22,52274.16,1947.4,17196.46,33130.29,3534.63,2650.72,189.86,1028.6,288.64,80.12,-194.74,231.87,155.11,2154.04,393.04,93.67,55.44,6.62,19.44,107.55,62.68,404.86,248.49,29.28,38.39,178.59,133.27,107.15,23.6,88.47,412.02,-237.17,65.29,225.3,284.35,299.55,277.79,11989.79,4583.73,1345.55,14.74,17.67,20.09,360.65,11.3,29.21,98.6,98.7,98.5,,,,,,,,106070974,48123776,57947199,54,53.7,,,,,,,,,,,,,,328.7,323.8,326.8
2000Q1,,224910.5,,26683.8,302.9,309.4,291.1,,32.8,3190.23,118.67,1062.26,2009.29,2878.42,2746.88,174.63,986.46,301.48,79.77,-161.73,340.93,155.44,2373.42,143.21,51.89,7,18.18,26.9,79.62,72.34,505.3,338.45,33.44,71,309.81,209.71,139.77,39.17,73.31,344.42,488,656.19,237.9,290.94,303.12,275.35,12260.68,4515.85,1323.54,13.1,18.7,16.7,98.22,40,5.21,100.1,100.5,99.7,,,,,,,115.2,98219719,46500581,51719139,132,117.1,,,,,,,,,,,,,,329.9,329.9,330.1
2000Q2,6596.02,350323.59,73519.72,89117.86,308,315.7,294.2,,35.1,16381.42,713.4,5489.62,10178.41,3361.74,3166.11,211.88,1132.04,346.88,92.16,-258.2,392.37,179.43,3461.91,375.55,109.03,75.51,20.16,32.86,166.82,114.08,616.38,410.5,38.47,114.73,332.39,212.59,174.69,42.99,212.53,638.28,-100.17,473.56,267.9,291.6,300.62,276.43,12660.53,4802.44,1300.6,13.7,23.7,19.5,216.6,37.3,12.35,100.1,100.5,99.7,,,,,,,121.7,118427163,55628626,62798538,96.7,112,,,,,,,,,,,,,,333.1,332.1,332.9
2000Q3,13607.01,241492.9,149447.82,109386.62,312.1,320,295,21191.26,37.6,34047.68,1388.41,11061.01,21598.25,3320.38,3164.69,215.23,1231.15,404.59,83.26,-286.27,356.16,199.77,3614.48,492.78,110.67,97.15,26.22,38.48,167.07,109.2,696.35,461.23,50.33,155.63,310.56,227.51,186.55,48.22,122.71,564.45,-294.09,294.74,277.3,292.92,300.5,273.28,13047.38,5061.69,1389.47,13.4,20.8,13.4,345.41,35.7,19.2,100.2,100.6,99.7,,,,,,,123.2,128775386,60994402,67780984,130.3,74.9,,,,,,,,,,,,,,335.3,335.4,335.6
2000Q4,20538.31,369213.03,227117.22,221164.77,309.9,316.5,293.8,23388.86,32.4,58120.96,2163.65,18887.3,37070.01,3834.69,3246.71,225.42,1134.55,425.38,85.48,-110.04,292.04,209.67,2456.44,401.78,74.59,48.57,16.01,24.81,124.81,76.99,432.45,270.4,35.9,102.6,158.11,149.39,124.14,32.72,107.13,464.11,-104.23,149.47,260.7,287.23,297.12,276.42,13461.03,5314.72,1465.27,12.27,16,8.9,474.31,31.5,24.12,100.4,100.8,99.9,,,,,,117.92,125.42,128912537,61971532,66941004,88,47.5,,,,,,,,,,,,,,338.8,337.3,338.1
2001Q1,13194.05,244432.43,147498.36,30966.23,302.5,305.5,295.3,19643.78,33.4,3690.92,117.32,1157.05,2416.54,3682.01,3534.23,197.68,1300.78,358.55,97.52,-208.56,573.26,191.65,2832.95,198.97,70.42,48.51,16.26,31.34,91.37,91.52,561.86,394.6,38.16,107.1,340.9,233.84,164.23,45.16,126.53,494.45,849.02,264.77,273.9,290.71,297.39,275.71,13874.45,5303.34,1436.21,13.2,17.4,8.5,113.81,15.9,4.73,100.7,100.6,100.8,,,,,,122.01,118.56,113789000,54536000,59254000,54.2,45.6,10192000,44351000,6275000,52999000,,,,,,,3.13,1.32,,339.8,320.6,323.1
2001Q2,20868.57,378880.16,228549.45,103953.77,299.1,300.3,296.4,23399.54,31.8,19362.9,635.5,6074.03,12653.36,4190.34,3939.91,236.18,1409.11,442.78,103.53,-413.58,655.41,226,4211.67,483.77,119.81,72.67,22.79,39.18,197.05,132.32,707.8,475.96,47.79,285.26,366.41,264.13,207.36,48.19,129.86,728.3,-21.31,602.7,262,288.69,299.19,276.9,14780.97,5518.74,1394.34,14.3,14.9,7.2,241.01,11.3,8.14,101.1,101.2,101.1,,,,,,120.65,125.11,127614000,61921000,65694000,34.7,14,12532000,49356000,6217000,59084000,,,,,,,3.54,1.53,,339,324.5,324.6
2001Q3,21565.91,387973.4,234485.9,173727.63,293.8,293,295.7,23023.67,25.7,40341.8,1276.92,12482.58,26582.29,3999.95,3738.88,240.01,1353,435.39,95.17,-207.86,454.09,215.58,4434.98,694.16,107.08,87.41,26.46,50.44,210.25,135.92,814.27,545.23,60.29,217.96,369.39,289.6,230.21,50.85,171.7,762.33,-435.02,342.26,243.3,285.32,300.78,278.51,15164.27,5664.4,1506.46,16.36,12.26,8.42,376.37,9,13.59,101,101,101,,,,,,115.45,119.79,135385000,64968000,70417000,19.6,11.9,12251000,52673000,6596000,63624000,,,,,,,3.62,1.53,,294.4,290.3,292.9
2001Q4,21612.46,397681.74,238173.38,247921.84,289.2,287,294.7,25284.55,25.4,67414.13,2090.52,20931.67,44391.94,4513.52,3860.31,247.24,1223.45,403.41,85.78,-39.42,601.39,205.69,3024.86,439.62,94.13,77.45,17.66,34.93,148.64,82.94,546.04,362.3,44.53,101.9,238.4,185.64,142.52,37.57,131.86,527.56,-229.32,340.4,226,285.19,301.19,274.03,15830.19,5987.16,1568.88,14.42,12.65,7.07,509.77,7.5,22.54,100.7,100.7,100.8,,,,,,111.28,117.57,133430000,62137000,71294000,0.7,20,10799000,51460000,7265000,64095000,,,,,,,3.65,1.47,,307,307.3,307.4
2002Q1,13629.28,261621.03,154178.42,34504.24,287.9,286,292.3,21726.98,32.2,4671.68,138.8,1416.02,3116.85,3807.81,3622.87,250.58,1449.3,356.85,117.45,-405.84,502.18,145.12,3511.45,318.42,64.03,54,21.71,41.2,110.29,116.63,733.36,544.51,52.54,109.14,409.59,311.56,203.41,54.53,61.39,600.48,296.43,671.61,230.1,285.39,302.14,272.85,16406.46,5947.48,1554.46,14.4,10.1,8.2,122.06,7.7,7.25,99.4,99.1,99.9,99.3,95.13,86.42,103.42,106,118.78,117.98,122055000,57396000,64658000,17.7,33.4,9411000,47969000,5686000,58972000,,,32.77,10972.63,40.56,3440.37,3.65,1.54,35.96,291.8,289.6,291.2
2002Q2,21636.88,406504.77,241102.83,117620.76,291.8,291.3,293.2,27080.7,37.4,24347.58,803.59,7653.29,15890.71,4791.85,4459.57,276.14,1572.63,462.12,122.75,-269.78,746.18,166.16,4786.01,680.99,125.7,82.23,20.65,49.33,244.2,157.28,884.02,612.56,67.38,227.62,438.72,319.67,238.15,59.78,120,830.4,5.84,385.71,253.3,290.71,302.55,273.71,16960.12,6314.4,1509.74,14.7,12.8,8.3,270.71,12.3,13.41,99.2,98.9,99.7,98.9,99.7,88.43,99.8,93.4,119.22,125.45,148673000,71286000,77388000,45.7,53.4,11699000,59570000,6588000,70806000,,,35.26,12174.43,39.82,3381.64,4.11,1.73,39.48,291.7,290.9,291.5
2002Q3,21964.27,417326.8,247099.31,200100.46,294.6,294.5,294.6,27589.6,39.3,50116.89,1663.9,15685.48,32767.51,4570.26,4268.43,260.7,1551.4,528.81,107.57,-249.61,520.89,197.3,5200.19,757.43,105.05,82.55,26.03,57.62,227.16,150.93,963.57,622.21,96.11,279.37,444.33,352.73,273.1,59,156.43,670.27,-629.94,855.41,278.7,293.3,304.36,276.37,17698.52,6679.98,1623.36,16.5,15.9,7.8,445.14,18.3,19.99,99.2,99,99.6,98.1,98.07,106.9,98.8,93.3,121.84,126.98,174547000,83987000,90560000,88,86.3,14190000,69731000,7506000,83002000,,,35.13,11992.42,39.92,3542.74,4.25,1.87,45.02,292.2,291.9,291.8
2002Q4,22193.59,429886.19,253301.28,290312.66,299,300.9,294.4,31078.9,43.6,81929.46,2734.02,26291.47,52903.96,5733.7,4500.95,259.86,1556.39,513.03,115.74,-86.26,521.15,195.57,3413.88,531.02,89.17,63.83,16.69,40.13,205.7,96.7,640.37,423.99,52.04,144.99,262.8,228.08,179.84,39.06,83.22,594.79,-95.66,140.86,296.1,296.39,304.88,280.71,18500.7,7088.18,1727.8,16.78,16.82,10.13,620.79,21.8,30.35,99.2,99,99.6,102.29,107.25,111.49,98.59,90.87,125.58,130.97,175714000,82672000,93042000,99.7,91.7,13970000,68660000,8700000,84300000,,,36.65,12659.25,40.96,3388,4.34,1.82,42.44,322.5,328.9,325
2003Q1,14543.75,289188.81,168804.86,45760.59,311,316.4,295.9,28130.3,51.5,6415.02,148.91,2253.46,4017.64,5205.2,4928.05,307.8,1756.48,604.25,139.01,-259.68,689.32,200.83,3892.38,224.18,73.97,15.51,23.62,46.23,216.05,120.48,819.58,601.44,74.97,107.92,457.16,439.78,253.17,53.96,86.08,621.32,1312.82,907.99,319.3,301.12,305.37,287.3,19448.73,7143.88,1710.65,18.5,20.1,10.1,173.66,42.4,-1.03,100.5,100.5,100.5,101.15,105.01,108.65,97.23,96.88,132.51,131.21,173676000,87347000,86329000,157.9,99.8,16070000,71270000,7640000,78680000,,,34.53,12335.12,42.71,3792.77,4.42,1.97,42.25,293.8,292.5,293.1
2003Q2,23414.56,449771.52,265957.26,151519.3,306.9,310.8,296.3,33810,45.5,32915.33,938.62,11870.42,20106.29,5749.79,5259.7,291.5,1797.97,695.37,134.38,-70.06,938.87,234.42,5773.46,772.62,163.41,69.52,23.29,64.5,247.14,194.47,1037.28,661.69,87.91,282.87,489.21,505.48,295.16,66.94,152.52,706.42,-23.68,586.81,295.9,297.59,302.13,292.25,20490.74,7592.32,1695.69,20.8,20.2,12.3,376.14,39,4.5,100.6,100.5,100.7,102.65,106.73,101.24,99.08,98.99,115.37,116.6,202478000,98543000,103935000,115.4,103.2,17750000,80730000,8410000,95590000,,,32.93,12883.6,30.38,2379.58,4.83,2.13,25.44,257.8,270.7,263
2003Q3,24342.1,470270.9,278204.77,257858.68,304.2,307.2,296,35344.6,49.9,67630.51,1885.62,24055.11,41689.78,5176.86,4777.36,307.86,1804.48,758.88,130.2,-601.31,594.54,252.7,5599.03,722.65,127.37,86.75,27.59,64.26,253.42,172.61,1049.94,697.79,99.68,332.67,452.74,444.91,310.07,69.24,125.53,894.7,-422.17,780.03,327.9,299.77,306.39,292.99,21356.71,7916.39,1830.64,20.7,18.5,12.8,606.26,36.2,9.15,100.7,100.5,100.9,102.05,102.91,112.79,101.49,99.37,129.63,132.95,230250000,112780000,117470000,102.5,89.1,20280000,93000000,8450000,108930000,,,36.41,14293,39.21,3546.4,5.1,2.25,49.67,275,279.7,277
2003Q4,16580.21,331880.46,196308.93,265188.89,306.1,308.9,298.5,27870.1,53.2,107727.97,2912.49,38134.69,66680.77,5583.41,4877.9,270.11,1789.92,708.49,133.69,-395.92,568.2,237.65,3667.12,453.9,88.13,70.58,17.68,42.42,167.83,120.46,710.64,452.04,81.36,194.68,306.52,300.39,201.26,46,60.61,445.85,-25,672.65,336.7,301.4,307.67,295.66,22122.28,8411.86,1974.59,19.58,18.67,14.28,851.21,37.1,25.54,101.2,100.9,101.6,111.64,115.03,105.36,109.25,106.12,133.71,135.97,245180000,114420000,130760000,115.6,121.2,19200000,95100000,10300000,120400000,,,41.7,14436.82,46.03,3785.03,5.11,2.22,51.88,282,286.3,284
2004Q1,25151.76,507119.8,298058.98,202086.93,311,314.3,301.8,37613.4,49.8,10345.51,48.39,4134.73,6162.39,6944.19,6547,392.47,2093.18,883.52,165.08,-62.84,927.9,265.27,4502.01,312.1,91.94,61.26,23.25,57.91,206.87,154.18,950.58,690.88,75.36,140.8,513.15,520.59,289.73,63.58,107.48,413.69,2864.69,871,364.7,306.86,307.32,296.38,23165.46,8581.56,1929.74,19.11,20.12,12.81,239.85,38.2,-8.44,102.8,102.1,104,113.75,114.82,107.04,114.47,106.95,138.84,135.9,239876000,124158000,115728000,135,102.2,26049566,98163012,8071826,107530656,705.85,47.8,37.56,15182.42,44.82,4178.63,5.58,2.48,50.81,282.4,288.6,286
2004Q2,27984.3,533312.37,315695.93,205589.95,317.1,321.4,305.3,44961.9,52.8,48328.61,423.35,19406.61,28498.67,7362.59,6810.32,377.36,2223.75,962.38,166.11,-395.59,1206.24,280.26,6300.85,702.52,114.85,42.4,50.21,182.64,214.7,580.94,1030.84,536.74,175.75,380.16,548.96,491.78,260.99,159.21,466.18,260.7,1348.81,886.27,338.7,306.58,305.06,298.11,23842.75,8862.71,1901.76,16.15,16.16,12.15,522.97,39.1,-6.82,103.6,103,104.6,110.89,117.37,108.91,103.87,111.91,131.45,134.43,283280000,140800000,142490000,128.8,111.7,30103316,111303459,10176036,132294926,2184.4,31,39.96,16064.79,43.24,3845.29,6.02,2.64,55.65,272.6,282.5,277.7
2004Q3,29296.13,554677.48,329096.23,346834.76,321.2,327.1,304.7,46633.6,47.5,97330.09,1016.47,38819.8,57493.84,6052.52,5492.41,380.13,2229.82,919.28,163.05,-1121.59,835.65,258.26,6341.72,775.99,146.48,80.81,27.08,81.86,358.22,207.9,1148.5,759.04,106.41,432.63,525.9,572.3,368.14,71.25,98.38,1011.32,-289.2,651.46,299.9,303.84,302.4,296.92,24375.69,9043.91,2052.42,13.94,13.7,12.11,828.55,36.7,3.93,104.1,103.6,105.1,114.71,122.26,103.84,107.05,112.08,132.53,134.59,304900000,146690000,158200000,91.9,104.5,29207119,117493528,10232137,147934418,3802.83,29.9,39.65,16510.35,43.53,4122.49,6.2,2.6,64.39,269.4,279,273.2
2004Q4,30696.18,577882.93,343168.3,504385.68,323.6,331,303.1,52620.1,44.9,151450.88,1641.81,60033.12,89775.96,6036.92,5294.79,341.02,2300.93,929.04,173.34,-1532.65,949.61,240.87,4449.11,601.97,105.46,119.31,19.8,59.27,263.33,145.88,802.64,518.61,91.7,237.32,355.33,368.28,243.5,48.25,91.96,733.22,-378.05,619.72,294.6,302.79,302.39,291.63,25410.7,9596.97,2146.83,14.67,13.58,8.72,1154.74,35.7,31.98,103.9,103.3,104.8,113.02,108.98,98.69,118.92,109.82,130.81,134.73,326410000,149170000,177240000,92.4,107.1,31940000,117160000,12070000,165060000,5862.03,27.6,43.93,18432.55,45.06,3845.72,6.53,2.72,62.27,276.1,279.9,277.7
2005Q1,30845.68,603850.51,353464.06,266693.95,316.8,322.5,300.9,48989.1,43.6,13258.46,74.25,5488.24,7695.97,7783.19,7249.16,440.43,2590.98,897.37,200.04,-630.86,1233.46,230.87,5209.3,383.1,110.44,25.74,29.08,70.59,178.97,191.08,1112.64,811.83,105.47,216.16,581.97,607.62,348.85,66.35,133.14,870.97,2573.84,934.88,297.3,299.65,304.5,288.23,26458.89,9474.32,2123.9,14.03,9.92,10.06,295.2,23.1,16.58,102.8,102.5,103.5,106.4,104.2,102.58,109.95,105.8,135.85,132.46,295520000,139350000,156180000,37.6,105.8,30935548,108428187,10901348,144951929,903.67,25.3,41.48,17555.89,46.76,4674.86,6.58,2.92,56.11,283.9,278.6,281.8
2005Q2,33652.23,653985.23,381926.95,264597.9,317,323.3,299.2,60288.2,49.4,61710.99,532.37,26092.07,35086.55,8608.13,7900.21,389.39,2727.19,1076.89,198.21,-871.73,1833.89,269.68,7212,963.3,186.2,88.68,22.54,92.06,305.21,275.41,1372.3,915.65,129.74,318.11,588.24,635.46,415.96,82.63,126.44,1195.38,1396.46,1245.61,294.6,301.27,307.4,281.19,27578.55,9860.13,2084.88,15.67,11.25,9.63,645.03,23.2,39.65,102.3,101.9,102.9,101.75,100.59,102.45,102.52,103.95,128.5,131.71,349820000,163280000,186540000,46.3,92.8,37847387,125482578,12667635,173818824,2796.7,27.1,44.39,19085.58,44.93,4178.26,7.21,3.13,63.18,285.7,280.3,283.6
2005Q3,35670.66,685092.83,402118.39,450926.72,315,320.6,299.1,62345.81,48.6,124529.55,1207.89,52571.7,70749.97,7376.38,6705.63,401.82,2611.15,1109.29,189.05,-1109.28,1140.63,283.45,7528.6,785.6,176.12,146.78,28.81,99.81,466.76,271.54,1389.15,910.5,155.5,436.72,622.96,677.47,435.03,79.8,155.2,1230.03,-152.18,731.5,309.4,302.71,307.18,278.73,28743.83,10096.4,2227.29,17.92,11.64,8.52,1024.51,23.7,68.34,102,101.7,102.5,99.72,100.6,104.42,96.78,103.76,127.6,132,379170000,175580000,203590000,59.6,86.7,38807166,136661164,12535766,191633613,4874.15,27.7,44.89,19199.44,45.25,4438.35,7.41,3.11,69.04,285.8,279.3,283.2
2005Q4,37263.46,713695.54,417852.28,654975.97,310.4,314.7,298.5,70015.34,49.2,194148.45,2046.09,82064.35,110038,7881.5,6720.51,402.89,2606.27,1136.5,191.83,-1145.18,1100.03,280.73,5376.4,597.5,140.45,127.74,18.42,70.92,315.1,203.11,987.37,634.18,125.91,281.24,427.05,439.32,283.84,73.32,102.15,921.47,-202.49,919.39,317.4,302.8,306.27,282.26,29875.57,10727.88,2403.17,17.57,11.78,11.94,1422.12,23.2,101.88,101.8,101.6,102.2,98.81,101.99,107.2,92.1,103.73,125.4,131.7,397730000,182100000,215620000,66.5,66.3,40112164,142047095,12943283,202778857,7509.65,27.2,48.17,21445.17,46.27,4212.03,7.71,3.12,72.69,286.2,274.9,281.6
2006Q1,24705.05,487362.07,283332.38,99874.21,308.6,311.9,299,42784.49,37.9,16902.5,106.94,7216.89,9578.67,9299.96,8626.32,485.39,3131.53,1117.57,232.7,-991.23,1666.6,258.23,6291.7,545.9,135.2,28.4,25.1,81.4,566.19,372.51,1325.2,1098,137.9,259.1,659.04,700.8,490.74,142.14,174.5,1681.53,-2901.12,1783.08,310.7,302.59,308.37,283.13,31049.07,10673.71,2347.2,18.76,12.67,10.51,371.3,25.8,23.31,101.2,101.2,101.1,102.37,104.78,108.89,98.43,102.26,133.1,131.5,371240000,174060000,197190000,76.1,78.7,42633972,131324438,11764145,185377757,1160.84,29.8,44.67,19136.93,50.38,4957.33,7.75,3.31,65.76,288.4,282.3,273.8
2006Q2,39442.03,767465.44,449508.54,336574.24,307.8,310.8,299,77360.41,54,79817.48,732.98,34941.62,44142.88,10705.93,9858.48,470.34,3269.07,1280.42,234.08,-1073.92,2637.36,300.58,8309.4,934.5,222.3,171.3,30.4,111.3,566.19,372.51,1494.3,1098,159.2,326.3,659.04,731.6,490.74,142.14,302.1,1681.53,-2901.12,1783.08,321.3,304.57,306.88,286.8,32275.64,11234.24,2346.91,18.43,13.94,12.57,795.74,23.4,61.45,101.3,101.3,101.2,97.9,105.09,112.14,84.83,104.01,132.5,135.9,424780000,193410000,231370000,55.9,72.3,48039943,145369442,12532315,218840963,3636.84,31.3,48.64,21037.87,48.83,4563.33,8.48,3.57,72.95,289.5,281.7,270
2006Q3,42118.71,805224.38,472864.38,575728.27,310.5,313.7,300.9,79921.35,48.5,159244.79,1667.35,69358.45,88218.97,9616.42,8443,472.26,3146.83,1351.08,227.35,-1320.14,1708.49,308.65,8555.9,888.1,205.2,96.7,32.3,124.1,566.19,372.51,1624.3,1098,175.6,386.5,659.04,760.5,490.74,142.14,222.5,1681.53,-2901.12,1783.08,312,303.48,306.14,292.49,33186.54,11681.41,2568.74,16.83,15.7,15.33,1272.61,24.3,109.85,101.3,101.3,101.2,100.84,103.41,117.49,94.94,101.85,132.6,136.7,476780000,214030000,262750000,66.3,86,50770327,163255558,13461138,249271504,6188.01,28.2,49.65,21600.19,49.49,4938.6,8.64,3.67,75.64,292.3,284.2,272
2006Q4,44142.01,845500,492530.1,831131.98,308.9,310.8,303.1,87758.9,44.3,242854.98,2764.6,103971.19,136119.19,9137.78,8107.14,460.02,3156.09,1303.08,229.31,-1171.35,1168.6,286.94,6454.3,742.5,142,185.5,22,86,377.46,248.34,1150.6,732,141.2,498.7,439.36,506.1,327.16,94.76,143.7,1121.02,-1934.08,1188.72,302.6,302.93,308.04,294.8,34557.79,12602.81,2707.26,16.9,17.49,12.65,1760.69,23.8,177.47,101.5,101.5,101.5,105.54,104.32,112.98,106.11,105.53,135.3,139.4,488420000,210330000,278080000,46.5,87.2,45472169,164848588,15202410,262873514,9347.24,24.5,56.46,23683.84,52.09,4671.88,8.86,3.71,79.24,296.7,288.5,276.4
2007Q1,14156.17,286794.1,165625.7,48764.17,308.6,309.5,305.6,52978.43,30.2,21078.62,129.79,9036.91,11911.91,11783.62,10717.91,593.31,3759.37,1428.31,290.48,-1176.24,1910.12,316.53,7288.8,1411.5,247.5,122.8,37.2,154.2,326.6,372.51,1980.6,1251.2,268.5,1119.3,659.04,840,490.74,142.14,314.4,1681.53,-2901.12,1783.08,325.4,305.89,307.88,297.42,36409.37,12788.13,2738.8,17.26,19.81,16.68,457.74,23.3,46.44,102.7,102.5,103.1,107.34,103.77,106.17,113.82,101.51,142,139.7,457790000,205640000,252150000,55.1,91.6,49301056,156330219,13432310,238707169,1454.36,25.3,49.88,22488.98,55.88,5377.22,8.98,3.88,79.24,295.1,279.8,283.1
2007Q2,15894.46,305648.67,177273.02,142273.32,308.2,308.5,307,99256.1,54.9,100717.01,992.19,44938.82,54786.02,14334.22,12817.35,543.57,3978.47,1515.07,285.73,-1517.19,3683.35,351.94,10631.3,1411.5,247.5,291.9,37.2,154.2,655.1,372.51,1980.6,1587.7,268.5,1119.3,659.04,840,490.74,142.14,314.4,1681.53,-2901.12,1783.08,337.3,307.09,310.21,301.25,37783.22,13584.74,2688.11,17.06,20.92,14.54,980.93,23.3,112.52,103.2,102.9,103.6,110.18,105.98,103.37,117.76,106.1,143.1,146,523300000,228530000,294770000,54.6,82.6,58619477,169933770,15009689,279773593,4607.78,26.7,54.5,24360.87,54.57,5135.54,9.82,4.23,87.73,297.9,279,290.3
2007Q3,17058.55,322268.39,188313.57,245027.18,307.7,306.9,309.9,101913,54.4,201603.61,2385.65,89645.61,109572.36,12799.06,11439.14,551.86,3794.45,1612.03,283.96,-1315.45,1925.64,395.32,11096.4,1411.5,247.5,499.4,37.2,154.2,809.1,372.51,1980.6,1631.4,268.5,1119.3,659.04,840,490.74,142.14,314.4,1681.53,-2901.12,1783.08,343.9,308.46,311.78,305.43,39309.89,14259.16,2903.06,18.45,22.07,13.01,1570.83,23.5,185.65,104.1,103.9,104.7,120.72,108.58,101.54,142.61,108.73,143,144.7,589920000,258340000,331580000,63.1,79.7,65314173,193020926,15110187,316361747,7824.68,26.4,55.18,25147.58,54.75,5615.42,9.87,4.16,98.69,298.7,279.2,290.9
2007Q4,18335.26,342310.91,199724.23,354517.63,313.2,313.9,310.9,112472.5,52.6,306971.84,3772.16,134275.98,168923.71,12405.05,10648.02,522.78,3930.66,1712.49,278.6,-1127.05,1859.26,395.4,8068.5,941,165,259.9,24.8,102.8,570.1,248.34,1320.4,1108,179,746.2,439.36,560,327.16,94.76,209.6,1121.02,-1934.08,1188.72,359.9,309.58,307.98,305.33,40344.22,15256.01,3037.52,16.74,21.1,12.2,2173.83,23.5,262.2,104.8,104.5,105.4,122.22,113.57,106.67,140.39,105.64,139.6,143.6,603510000,263740000,339760000,76.5,66.8,69364145,194377726,17919490,321841291,11741.39,25.8,57.15,25744.03,55.65,5273.67,9.91,4.15,94.91,297.4,277.5,289.4
2008Q1,17435.42,347107.12,201931.09,62547.28,320.7,322.4,315,68882.6,33.2,26438.23,233.52,11381.34,14823.37,15971.44,14519.65,729.65,4676.96,1881.43,362.53,-1435.32,2575.73,425.78,9506.8,1411.5,247.5,162.8,37.2,154.2,449.8,372.51,1980.6,1556.4,268.5,1119.3,659.04,840,490.74,142.14,314.4,1681.53,-2901.12,1783.08,359.9,307.55,308.76,306.59,42305.45,15086.75,3043.31,16.29,18.25,11.12,570.38,24.6,41.42,108,107.8,108.7,125.54,114.78,112.96,144.94,112.85,140.6,136.2,570530000,264540000,305980000,87.3,63.8,83936160,180607561,16133536,289837181,1831.69,25.9,55.23,24674.93,58.33,5906.31,10.41,4.36,90.69,292.5,272.4,284.4
2008Q2,20082.6,370741.16,219531.03,183767.55,325.1,328.3,315.3,127812.3,47.7,127110.25,1675.07,56679.46,68755.75,18836.88,16906.09,616.71,4807.36,2082.17,339.69,-1446.95,5337.02,511.27,13375.2,1411.5,247.5,416.1,37.2,154.2,871.1,372.51,1980.6,1940.4,268.5,1119.3,659.04,840,490.74,142.14,314.4,1681.53,-2901.12,1783.08,352,309.99,306.32,307.77,44314.1,15482.02,3018.13,17.37,14.19,12.28,1234.17,25.7,99.04,107.9,107.6,108.6,121.15,113.27,111.49,135.15,112.73,134.8,137.4,663230000,302500000,360740000,97.3,67.5,99497712,202997624,20472119,339910613,5843.6,26.8,61.65,25809.36,58.81,5621.91,11.13,4.69,92.67,290.1,270.9,282.4
2008Q3,22071.4,392066.26,233618.79,316454,329.2,334.5,312.3,128909.9,38.9,256950.48,3883.5,115695.17,137371.8,14138.62,12667.4,636.49,4517.6,2091.36,327.69,-1309.07,1998.75,509.53,13546,1411.5,247.5,576.2,37.2,154.2,1066.3,372.51,1980.6,1920.7,268.5,1119.3,659.04,840,490.74,142.14,314.4,1681.53,-2901.12,1783.08,316,305.5,300,301.2,45289.87,15574.9,3172.49,15.29,9.43,9.28,1967.13,25.2,180.99,107,106.7,107.7,112.56,109.99,112.11,115.87,112.94,123.8,128.6,732620000,324650000,407990000,78.1,69.5,109228909,215412004,21779651,386200157,9987.07,27.6,62.73,27203.38,60.24,6076.64,10.84,4.63,93.84,288.5,271,281.6
2008Q4,23113.46,403936.52,239286.35,439463.99,307.5,307.8,306.4,121555.8,19.3,388970.46,5932.4,173030.06,210008,12370.04,10130.67,575.68,3995.03,1336.14,299.41,-1511.41,1900.29,323.4,9397.2,941,165,293.2,24.8,102.8,675.3,248.34,1320.4,1404.9,179,746.2,439.36,560,327.16,94.76,209.6,1121.02,-1934.08,1188.72,250.7,292.2,292.8,291.3,47516.66,16621.71,3421.9,17.82,9.06,12.65,2561.63,17.8,295.46,105.9,105.6,106.5,101.61,101.53,99.51,100.21,107.82,94.6,107,594630000,240170000,354480000,-23.6,14.2,68501011,171661331,19257446,335214088,14816.73,26.1,60.58,24503.1,60.95,5725.72,10.12,4.07,96.04,299.7,299.1,299.4
2009Q1,19802.01,403832.75,234145.36,60600.67,286.2,282.5,298.3,72223.7,19.3,33837.79,440.37,14362.61,19034.82,14642,13023.6,1010.2,4566.1,1584.5,367.2,-1861.4,2145,324.2,12811,1411.5,247.5,216.2,37.2,154.2,1111.8,372.51,1980.6,1848.8,268.5,1119.3,659.04,840,490.74,142.14,314.4,1681.53,-2901.12,1783.08,226,282.9,297.6,277.8,53062.67,17654.11,3374.64,25.48,17.01,10.89,428.74,-24.9,62.34,99.4,99.1,100,94.14,95.66,88.81,92.16,96.71,101.1,105.6,428770000,183120000,245630000,-92.3,-60.3,49226790,133900244,12997621,232641174,2356.2,28.6,57.63,22669.02,63.16,6345.82,10.07,4.09,92.88,299,308,302.6
2009Q2,21210.92,428746.95,253733.82,183678.58,278.4,273.5,294.3,132703.2,26.9,168700.97,2926.35,72990.32,92784.31,19334.2,16506.5,1186.3,4635.5,1789.2,375.9,-1652.7,4675.5,333.1,16091.7,1411.5,247.5,693.4,37.2,154.2,1362.4,372.51,1980.6,2241.2,268.5,1119.3,659.04,840,490.74,142.14,314.4,1681.53,-2901.12,1783.08,248.7,286.2,305.6,270.2,56891.62,19313.82,3364.1,28.45,24.77,11.46,946.12,-23.5,96.93,98.9,98.7,99.4,93.39,100.97,86.73,82.7,99.32,110.2,115.9,517430000,241330000,276100000,-61.4,-70.4,67301016,174044118,14498535,261706095,7809.84,33.6,66.98,28919.55,71.63,5822.42,12.08,4.9,98.98,300,306.5,302.7
2009Q3,22227.86,449672.13,265987.36,323768.81,276.9,271.6,294,141024.5,37,342093.4,6166.31,147153.79,188773.3,17542.8,15527.5,1354.2,4464.7,2198.1,389.1,-1348.6,3055.5,403.7,16300.2,1411.5,247.5,576.6,37.2,154.2,1424.8,372.51,1980.6,2288.1,268.5,1119.3,659.04,840,490.74,142.14,314.4,1681.53,-2901.12,1783.08,290,291.9,312.6,270.1,58540.53,20170.81,3678.79,29.3,29.5,15.96,1557.82,-20.9,135.47,98.9,98.7,99.3,97.33,104.12,96.52,88.32,98.33,120.1,124.4,610850000,285800000,325070000,-35.4,-61.6,83816841,201974847,16417349,308647893,13317.66,33.3,72.84,31366.86,75.46,6441.21,12.53,5.18,114.01,305.3,311.1,307.6
2009Q4,23636.31,470700.82,278667.49,474608.64,293.8,292.1,299.2,154787.7,53.8,513482.59,8988.22,218846.05,285648.31,11874.2,10629.7,896.4,3122.2,1417.8,264.6,-898.8,2160.9,271.4,11033.2,941,165,400.4,24.8,102.8,845.5,248.34,1320.4,1655.6,179,746.2,439.36,560,327.16,94.76,209.6,1121.02,-1934.08,1188.72,340.7,301.9,316.6,278.9,61022.45,22144.58,3824.7,28.5,33.2,11.77,2207.27,-13.9,196.06,99.3,99.1,99.7,103.2,108.37,104.14,96.99,100.88,127.7,130.6,648770000,293630000,355130000,76.2,2.7,87133814,206495079,19287004,335852691,19413.86,30.5,71.16,31513.57,75.59,6089.04,11.94,5.05,118.65,309.6,311.6,310.4
2010Q1,19733.21,478467.32,280541.44,85558.55,315.6,319.7,302.8,94117.2,30.9,42806.71,482.37,17519.94,24804.39,19627.1,17702.6,1711,5084.2,2476.1,481,-1763.3,2490.6,482.6,14330,1411.5,247.5,360.1,37.2,154.2,1123.4,372.51,1980.6,2164.9,268.5,1119.3,659.04,840,490.74,142.14,314.4,1681.53,-2901.12,1783.08,358,311.2,316.4,287.4,64994.75,22939.79,3908.06,22.49,29.94,15.81,617.85,44.1,14.49,102.2,102.1,102.4,106.74,113.74,108.25,97.37,106.88,135.5,132.9,617670000,301570000,316110000,196.2,91,93960726,207604748,17541464,298568342,2979.27,26.4,71.38,30947.15,80.43,6977.39,12.65,5.45,123.18,317.3,316,316.8
2010Q2,21719.64,512540.32,304472.54,253502.97,320.3,325.1,305.2,174310.2,48,212148.43,3424.05,89182.79,119541.59,23722.8,20909,1417.2,5303.1,2754,471.9,-1769.1,5589.4,539.7,19481.5,1411.5,247.5,1055.7,37.2,154.2,1562.5,372.51,1980.6,2632,268.5,1119.3,659.04,840,490.74,142.14,314.4,1681.53,-2901.12,1783.08,341.3,309.7,311.8,292.1,67392.17,24058,3890.48,18.46,24.56,15.65,1354.88,43.1,55.3,102.6,102.5,102.8,108.95,114.89,122.11,99.59,108.36,133,135.9,736920000,347840000,389080000,132.1,122.9,108725538,239115400,20479845,368597062,9804.74,25.5,78.77,33587.34,78.91,6602.54,13.83,5.67,130.66,323.9,321.7,323.1
2010Q3,22778.57,536432.73,317249.89,431196.08,313.4,315.6,306.8,177394,40.6,426733.57,7297.66,179680.62,239755.3,19689.8,17345.9,1565.6,4938.4,2806.7,453.5,-1779.8,2828.2,543.3,20693.6,1411.5,247.5,741.9,37.2,154.2,1648.1,372.51,1980.6,2694.8,268.5,1119.3,659.04,840,490.74,142.14,314.4,1681.53,-2901.12,1783.08,314.7,305.8,307.8,293.4,69647.15,24382.19,4185.44,18.97,20.88,13.77,2148.68,37.9,120.6,102.9,102.8,103.1,110.57,113.71,122.73,105.44,108.46,135.9,137.9,793980000,364170000,429810000,82,97.6,110549794,253615596,20808210,408998624,16586.96,24.5,82.98,34963.73,82.6,7406.41,13.56,5.58,143.33,321,316,319.2
2010Q4,24367.95,568193.5,333839.9,624450.52,317,319.4,309.4,197151.6,39.9,639668.86,10528.56,268325.23,360815.08,20040.5,17244.6,1378.2,5766.4,2451,453,-2014.9,1934.9,461.4,17087.9,941,165,559.2,24.8,102.8,1601.9,248.34,1320.4,2313.6,179,746.2,439.36,560,327.16,94.76,209.6,1121.02,-1934.08,1188.72,322.7,308.8,305.8,299.1,72585.18,26662.15,4462.82,19.73,21.19,16.69,2972.76,34.7,183.1,103.3,103.2,103.6,115.87,119.16,129.17,111.56,109.67,137,138,823790000,380340000,443460000,88.6,75.7,118361747,261975733,22940281,420512795,24141.49,24.5,83.82,36075.1,83.28,6882.35,13.96,5.72,139.17,307.8,305.7,307.1
2011Q1,46319.72,1124959.24,660522.5,281499.87,321.1,323.9,312.3,117420.6,29.7,56909.07,863.93,24169.18,31875.96,7631.4,6544,516.6,1893.6,1214.1,204.7,-1017.7,717.8,237.1,7570,470.5,82.5,255.4,12.4,51.4,582.5,124.17,660.2,1020.6,89.5,373.1,219.68,280,163.58,47.38,104.8,560.51,-967.04,594.36,315.9,308.3,304.3,305.1,75813.1,26625.56,4484.53,16.63,15.01,14.78,800.31,29.5,-1.02,105,104.9,105.5,115.63,116.49,113.21,116.01,109.75,137.4,133.8,800050000,400370000,399670000,97.7,75.9,133964358,266433125,23219729,376449619,3946.49,25,80.9,34847.08,86.83,7707.81,14.5,5.92,133.03,308.9,304.1,307.1
2011Q2,74830.65,1778174.87,1051294.98,940703.39,320.7,322.9,313.8,213084.2,41.8,277537.42,5936.1,121195.39,150405.94,30750.2,26589.6,1681.6,6166.7,3484.5,701.9,-2241.3,7741.4,638.8,26381.6,1411.5,247.5,1076.6,37.2,154.2,2188.8,372.51,1980.6,3534.6,268.5,1119.3,659.04,840,490.74,142.14,314.4,1681.53,-2901.12,1783.08,327.9,308.9,306,308.3,78082.1,27466.27,4447.79,15.85,13.05,14.36,1703.67,25.8,44.93,105.4,105.2,105.9,118.03,108.6,118.43,129.01,109.83,132.4,135.6,902910000,428080000,474830000,69.5,67.2,148769278,279312225,25531314,449290736,12456.67,25.6,89.77,38972.91,85.53,7369.43,15.47,6.16,139.8,325.5,312.9,320.5
2011Q3,79067.32,1856772.29,1097903.07,1598667.05,321.3,323.5,314.2,217684.4,41.3,545301.47,12672.17,238759.67,293869.64,24787.6,21263.8,1762.9,5767.3,3564.3,662.3,-2229.6,3641.8,667.9,25045.5,1411.5,247.5,728,37.2,154.2,2113.7,372.51,1980.6,3362.8,268.5,1119.3,659.04,840,490.74,142.14,314.4,1681.53,-2901.12,1783.08,317.3,308.1,303.8,308.4,78740.62,26719.32,4714.53,13.04,8.85,12.68,2677.44,24.6,107.1,105.7,105.5,106.2,120.52,108.96,113.98,135.27,111.88,129.4,133.4,972470000,454360000,518120000,74,62,156545710,297814536,25573707,492543037,21227.4,24.9,95.01,40558.19,88.7,8142.52,15.65,6.4,152.79,331.1,288.3,314
2011Q4,83312.92,1944296.22,1138867.64,2284497.9,309.4,309.2,309.8,230264.5,38.4,812750.06,18704.07,355922.56,438123.43,22076.6,18427.8,1412.3,6068.3,2827.1,686.8,-2408.6,1942.9,540.8,19475.2,941,165,652.6,24.8,102.8,1795,248.34,1320.4,2841.6,179,746.2,439.36,560,327.16,94.76,209.6,1121.02,-1934.08,1188.72,301.3,303.05,300.64,302.65,85159.09,28984.77,5074.85,13.61,7.85,13.76,3642.06,22.5,155.14,105.4,105.3,105.8,111.9,101.87,112.87,121.87,108.7,122,128.2,965270000,458600000,506670000,62.6,43.1,162734882,295855700,26307021,480365525,30193.29,23.8,95.9,41048.97,90.66,7576.25,15.43,6.6,146.5,313.3,275,298
2012Q1,54928.19,1328387.46,775209.25,318580.67,300.4,299,305.2,140611.1,11.9,69054.23,1190.23,30208.68,37655.31,29976.3,25857.8,2392.4,6601.8,4162.1,829.4,-2551.2,4138.7,780.2,24118,1411.5,247.5,648.2,37.2,154.2,2125.9,372.51,1980.6,3493.8,268.5,1119.3,659.04,840,490.74,142.14,314.4,1681.53,-2901.12,1783.08,285.3,296.92,302.2,298.29,89556.55,27799.81,4959.57,13.43,4.41,10.59,859.37,7.3,0.66,103.8,103.8,103.8,109.16,102.94,107.28,115.04,111.48,123,127.3,859000000,428920000,430070000,29.6,26.8,159677376,269248664,24169220,405898613,4786.54,20.9,90.58,38628.12,94.19,8324.01,15.78,6.67,140.44,326.8,282.1,308.9
2012Q2,86482.82,2053304.24,1211625.22,1041440.4,295.8,293.8,302.7,229633.7,28.4,335225.87,7929.18,150667.69,176628.99,33819.1,29073.8,1810.1,6830.6,3534.6,770.3,-2765.2,8967.6,662.8,29775,1411.5,247.5,1039.8,37.2,154.2,2486.2,372.51,1980.6,4403.9,268.5,1119.3,659.04,840,490.74,142.14,314.4,1681.53,-2901.12,1783.08,261.9,292.89,298.65,291.52,92499.12,28752.62,4928.46,13.64,4.68,10.81,1839.84,8,68.91,103.3,103.3,103.3,102.96,107.02,100.19,98.06,108.36,121.2,126.9,980350000,455750000,524590000,19.3,31.5,165702251,290046078,24551919,500045009,15071.01,20.4,101.18,42681.42,92.6,8005.97,16.76,7.04,146.32,320.6,285.1,306.5
2012Q3,88830.47,2116447.83,1246464.35,1733509.62,290,286.8,300.7,229627.2,27.3,659202.74,16586.93,294015.94,348599.88,26793.1,22478.5,1919.1,5827.1,3438.3,726.6,-2422.7,3891.9,679.5,30226.3,1411.5,247.5,1135.7,37.2,154.2,2688.1,372.51,1980.6,4690.3,268.5,1119.3,659.04,840,490.74,142.14,314.4,1681.53,-2901.12,1783.08,263.4,290.96,299.48,287.36,94368.88,28678.82,5343.35,14.8,7.33,13.34,2842.47,6.2,148.31,102.8,102.9,102.7,100.1,106.2,102.22,90.2,103.7,116.5,122.8,1003050000,461780000,541260000,4.5,13.6,147199016,314587488,24416203,516846637,25693.29,20.5,104.91,43642.85,94.99,8863.94,16.55,6.75,164.1,309.2,282.3,298.4
2012Q4,90765.51,2205335.86,1286894.17,2476209.77,293.1,290.6,301,249509.7,30,983613.24,24629.95,430384.45,528598.83,26621.9,23190.6,1750.4,7156.9,3661.4,799.4,-2689.9,3705.7,660.7,41592.7,1411.5,247.5,1605.3,37.2,154.2,4602.7,372.51,1980.6,8577.2,268.5,1119.3,659.04,840,490.74,142.14,314.4,1681.53,-2901.12,1783.08,274.7,293.7,301.32,286.84,97414.88,30866.42,5465.98,13.84,6.49,7.71,3866.76,6.2,231.11,102.6,102.7,102.5,100.31,103.67,97.14,96.31,104.12,120.4,124.4,1025120000,470940000,554180000,8.4,33,160852705,310030445,27407108,526774443,36483.51,20.6,109.91,44816.04,97.43,8214.88,16.99,6.89,157.05,326.3,297.6,314.9
2013Q1,59920.02,1509044.81,881422.58,359325.98,294.9,292.5,301.9,,8.9,83768.2,1265.89,34928.06,47574.25,32034,27399.3,2445.2,6943.2,2967.6,881.8,-2537,5199.6,565.6,27036.8,1411.5,247.5,641.5,37.2,154.2,2453,372.51,1980.6,3820.2,268.5,1119.3,659.04,840,490.74,142.14,314.4,1681.53,-2901.12,1783.08,285.3,293.43,301.16,288.52,103585.84,31089.83,5546.05,15.7,11.94,12.36,974.67,13.4,43.07,102.4,102.4,102.6,101.91,102.21,99.88,101.46,103.4,122.4,125.6,974330000,465410000,508930000,27.7,56.8,157123128,308251056,25129802,483793004,5809.23,20.9,98.74,41146.86,99.62,8976.63,17.33,7.32,155.16,331.3,291.2,315.3
2013Q2,94113.48,2338717.48,1371997.01,1171274.78,291.8,289.2,300.4,,27.4,403847.43,8384.11,173826.02,221637.3,36556.7,31861.4,1908.3,7376.4,3415.3,843.1,-2763,9763.9,646.6,32677.3,1411.5,247.5,1362.9,37.2,154.2,2688.3,372.51,1980.6,4926,268.5,1119.3,659.04,840,490.74,142.14,314.4,1681.53,-2901.12,1783.08,279.9,293.22,299.52,287.51,105440.37,31349.98,5406.39,14,9.06,9.87,1997.69,8.6,107.95,102.4,102.4,102.5,101.07,103.69,95.25,98.48,104.36,117,120.6,1022580000,478430000,544150000,15.8,12.6,160827679,317604865,26814772,517328613,18131.76,20.1,110.64,43348.64,97.55,8569.41,18.37,7.49,163.54,311.3,282.2,299.7
2013Q3,95616.04,2409287.47,1410687.53,1941971.21,294.8,293.2,299.9,,30.3,793507.88,17412.75,341609.3,434485.85,29798.5,25151.5,2000.5,6517,3598.3,805.6,-2424.4,4470.8,680.2,31818.3,1411.5,247.5,905.6,37.2,154.2,2911.3,372.51,1980.6,4676.1,268.5,1119.3,659.04,840,490.74,142.14,314.4,1681.53,-2901.12,1783.08,269.4,294.74,299.52,287.84,107737.92,31233.03,5649.25,14.17,8.91,5.72,3060.37,7.7,169.36,102.5,102.5,102.7,104.3,104.7,99.4,104.7,103.5,119.5,121.5,1062940000,500700000,562240000,25.3,12,166151687,334537588,25945712,536297483,30920.76,20.2,115.74,48695.59,100.75,9542.4,18.45,7.63,181.42,306.1,277.7,294.8
2013Q4,98254.02,2512195.71,1461481.62,2780761.1,295.7,294.3,300.1,,30,1179479.48,25469.74,502743.15,651266.59,21261.4,18464.8,1327.7,4935.2,2489.9,580,-1623.2,3670.9,462.8,23164.9,941,165,906.6,24.8,102.8,2205.8,248.34,1320.4,3713.6,179,746.2,439.36,560,327.16,94.76,209.6,1121.02,-1934.08,1188.72,272.1,293.94,298.09,287.55,110652.5,33729.11,5857.44,13.59,9.26,7.13,4160.33,7.6,259.75,102.6,102.6,102.8,104.18,104.09,102.77,104.74,103.4,117.1,119.5,1100150000,504800000,595360000,21.2,22.6,172785260,332019061,29425226,565927575,43652.77,19.6,120.08,50563.35,102.21,8617.1,18.24,7.63,172.5,317,284.8,304.1
2014Q1,66210.69,1664793.58,963395.98,387136.55,294.1,292.5,299.2,,8.8,98604.74,1575.71,39958.83,57070.2,35025.7,30187.8,2563.4,7594.4,3328.4,962,-2778.7,5662.6,664.6,30432.5,1411.5,247.5,663,37.2,154.2,2752.8,372.51,1980.6,4355.7,268.5,1119.3,659.04,840,490.74,142.14,314.4,1681.53,-2901.12,1783.08,250.6,291.66,298.6,286.36,116068.74,32768.37,5832.93,12.05,5.4,5.17,965.88,-1,16.74,102.3,102.4,102,98.76,102.62,99.45,94.04,103.28,117.1,119.5,966090000,474750000,491330000,8.8,-14.1,171305386,303444615,25421112,465912694,6832.17,17.6,90.3,40394.32,55.89,7396.23,18.72,7.92,172.82,324.3,294.1,312.1
2014Q2,105191.36,2576802.83,1501141.33,1257212.9,295.5,294,300.3,,26.7,473564.77,10262.43,198576.84,264725.49,39612.4,34080.9,1998.2,7602.4,3604.5,894.4,-3068.8,10590.6,733.6,38721.6,1411.5,247.5,1378.4,37.2,154.2,3294.1,372.51,1980.6,5564.5,268.5,1119.3,659.04,840,490.74,142.14,314.4,1681.53,-2901.12,1783.08,261.3,290.59,299.91,288.35,120958.72,34148.75,5695.11,14.7,8.9,5.3,2020.86,1.2,102.87,102.3,102.3,102,100.27,100.72,99.4,98.47,105.62,,119.5,1055660000,484860000,570800000,4.7,15.1,168717048,316145959,27633669,543168337,21277.05,17.3,110.31,45810.51,53.82,7061.84,19.49,8.09,179.37,321.9,296.6,311.8
2014Q3,109844.51,2658664.92,1538919.3,2089165.12,296.1,294.7,300.6,,23.9,923066.57,21989.73,388051.72,513025.13,31723.8,26426.5,2190.1,7201.7,3734.7,842.9,-2749.7,4758.1,744.8,34485.4,1411.5,247.5,917.4,37.2,154.2,2995.8,372.51,1980.6,4991.6,268.5,1119.3,659.04,840,490.74,142.14,314.4,1681.53,-2901.12,1783.08,232,288.57,299.77,285.93,120205.14,32722.02,5884.5,12.9,4.8,4.2,3162.6,3.3,231.58,102.1,102.2,101.9,100.27,101.44,103.2,98.77,100.13,,119.5,1142000000,506960000,635040000,3,39.2,161722827,345221180,28165453,606878936,35778.72,16.1,114.3,45889.06,57.38,8264.94,19.24,7.95,198.62,323.4,298.8,313.6
2014Q4,111974.38,2754007.27,1578967.62,2970006.58,291.8,289.2,299.7,,22.8,1359233.08,32710.81,566558.01,759964.28,23233.1,19902.5,1495.4,5312.4,2304.6,593.6,-1605.4,4358.3,440.6,22668.4,941,165,794.5,24.8,102.8,2037.4,248.34,1320.4,3550.5,179,746.2,439.36,560,327.16,94.76,209.6,1121.02,-1934.08,1188.72,219.9,286.03,296.77,280.37,122837.48,34805.64,6025.95,12.16,3.19,2.88,4303.04,3.4,382.46,102,102.1,101.8,98.43,99.01,97.87,96.99,101.04,,119.5,1142590000,496550000,646040000,-4.5,26,146712439,349835748,31141826,614900102,50200.49,15.7,117.35,49136.6,52.59,6742.42,19.31,7.83,196.01,325.3,299,314.7
2015Q1,71960,1816344.4,1036151.4,394014.7,286.3,282.3,299.6,,5.6,111988.66,2106.65,44415.94,65466.08,36407.1,30563.3,2799.2,5210.9,2894.8,1020.2,-3339.9,6098,608.1,32815.3,1411.5,247.5,682.4,37.2,154.2,2611.6,372.51,1980.6,4727.6,268.5,1119.3,659.04,840,490.74,142.14,314.4,1681.53,-2901.12,1783.08,206.7,281.84,295.56,278.75,127533.28,33721.05,6194.98,11.6,2.9,6.2,904.17,-6.3,123.7,101.2,101.2,101,99.25,100.36,97.55,97.57,103.04,,119.5,904300000,390290000,514020000,-53.1,30,116288587,273996453,23651207,490365932,7751.13,13.5,94.43,40909.82,56.59,8032.32,19.07,7.89,200.27,332.3,308.2,322.6
2015Q2,113087.4,2801273.5,1603546.1,1266792.2,286,282,299.3,,18.8,528355.77,13084.96,217424.52,297846.29,43192.8,35943.3,2514.3,7824.1,3035.4,951.1,-2396.7,10954.7,643,44472.7,1411.5,247.5,1437.1,37.2,154.2,4221.7,372.51,1980.6,6500.5,268.5,1119.3,659.04,840,490.74,142.14,314.4,1681.53,-2901.12,1783.08,204,279.37,296.27,277.04,133337.54,35608.29,5860.43,11.8,4.3,2.9,1880.78,-6.9,263.25,101.3,101.3,101.1,101.46,100.51,96.45,102.2,104.32,,119.5,978040000,418940000,559090000,-39.9,-6.1,121675735,297147410,25175090,533188735,23713.19,11.4,114.71,45078.26,53.96,7458.43,20,8.08,204.84,332.3,309.1,323
2015Q3,466996.9,2883235.6,1641932.1,2105186,282.8,277.7,299.1,,17.8,1021976.9,28136.46,420805.78,573034.68,34812.6,28124.9,2608.4,7072.7,3157.6,916.6,-3041.2,5259.7,643,43374.6,1411.5,247.5,1370.6,37.2,154.2,3917.9,372.51,1980.6,6143.8,268.5,1119.3,659.04,840,490.74,142.14,314.4,1681.53,-2901.12,1783.08,205.3,278.3,294.93,277.63,135982.41,36441.69,6102.3,13.1,11.4,3.7,2904.14,-8.1,424.09,101.4,101.5,101.3,104.09,99.96,100.58,109.44,101.25,,115.5,1031470000,433940000,597540000,-42.3,-17.5,124490913,309421903,26057713,571461646,39453.1,10.3,118.96,46181.42,57.49,8763.6,19.7,8.29,223.85,322.3,301.6,314.1
2015Q4,117744.2,2977050.3,1682832.1,2992095,282.3,277.2,298.8,,17.7,1496197.07,42178.22,611367.2,842651.64,37804.6,30260.6,2620.3,8471.9,3429.4,952.2,-3254.1,4812.8,660.9,55105.4,1411.5,247.5,1663.9,37.2,154.2,6491.1,372.51,1980.6,8833.2,268.5,1119.3,659.04,840,490.74,142.14,314.4,1681.53,-2901.12,1783.08,201.9,277.61,294.62,277.04,139227.81,40095.34,6321.66,13.34,15.2,4.91,3958.64,-8,594.5,101.4,101.5,101.3,101.23,96.3,94.71,106.15,102.08,,112.2,1051850000,438010000,613840000,-35.1,-15.1,111128998,326636150,29176672,583365843,55159,10,123.35,48867.89,53.14,7297.02,18.99,7.85,221.4,318.8,300.7,311.6
2016Q1,72040.8,1927216.3,1096039.3,399260.6,285.5,280.9,298.9,,6.8,123850.63,2692.28,47751.52,73406.83,38896,32953.8,2987.1,8248.2,2634.9,1109.1,-3175.5,6431.1,540.5,37958.3,1411.5,247.5,792.2,37.2,154.2,2642.6,372.51,1980.6,5826.6,268.5,1119.3,659.04,840,490.74,142.14,314.4,1681.53,-2901.12,1783.08,212.1,277.79,296.8,273.12,144619.8,41158.13,6465.12,13.4,22.1,4.4,802.14,-11.3,125.73,102.1,102.1,102,106.73,95.79,94.45,119.62,100.3,,107.1,803130000,338700000,464430000,-40.2,-25.1,92229878,246177649,23006650,441137123,8584.28,10.7,87.94,39403.98,48.72,7971.77,19.4,8.03,224.9,316.9,295.9,308.4
2016Q2,110527.4,2961427.8,1680473.7,1290311.7,291.2,288.3,299.5,,18.2,578622.89,15840.19,229338.46,333444.25,46617.8,39282,2475.7,8671,3110.4,1064.7,-2623.6,11922.1,663.2,51206.7,1411.5,247.5,1575.2,37.2,154.2,4687.3,372.51,1980.6,7271,268.5,1119.3,659.04,840,490.74,142.14,314.4,1681.53,-2901.12,1783.08,209.4,278.22,295.36,269.87,149049.18,44364.37,6281.89,11.8,24.6,7.2,1712.67,-8.7,258.29,102.1,102.1,102.1,107.7,95.47,96.87,121.45,104.14,,107.8,924770000,390560000,534200000,-19.7,-10.7,108495385,282063738,25003813,508997061,25836,9,109.46,44013.89,45.76,7417.95,20.46,8.42,231,313,289.8,303.7
2016Q3,114146.2,3041070.1,1713661,2157591.9,297.6,296.8,300,,18.4,1104939.96,34150.62,434352.03,636437.31,35886.2,28644.7,2489.9,11095.2,3346.2,865.6,-2775.7,5809.1,683,46791.3,1411.5,247.5,1617.1,37.2,154.2,4670.1,372.51,1980.6,6586.4,268.5,1119.3,659.04,840,490.74,142.14,314.4,1681.53,-2901.12,1783.08,198.6,298.28,305.59,286.31,151636.05,45434.03,6506.86,11.5,24.7,6.6,2677.67,-7.8,396.36,102,102,101.8,100.4,97.32,92.22,103.77,103.3,,111.3,973330000,413490000,559830000,-12.9,-17.2,114500993,298977143,27154420,530578023,42690.64,8.2,113.06,45440.52,49.6,8678.4,20.29,8.52,252.9,325.7,304.1,317
2016Q4,118234.9,3166320.7,1180082.8,3103531.6,310,313.1,301.3,,18.3,1619478,51303.08,631024.38,937150.54,26850.3,21445.4,1631.3,8668.8,2315.1,669.5,-1797.5,4370,449.9,29882.4,941,165,1271.4,24.8,102.8,2358.5,248.34,1320.4,4944.3,179,746.2,439.36,560,327.16,94.76,209.6,1121.02,-1934.08,1188.72,209.4,302.49,313.11,289.25,155006.67,48655.72,6830.39,11.3,21.4,8.1,3684.93,-6.8,509.96,102,102.1,101.9,101.45,101.51,101.19,100.65,103.52,,113.5,1034320000,449920000,584410000,8.4,-13.3,122375923,324639465,30327418,550390353,59650.1,8.1,121.27,50795.15,45.94,7236.77,20.13,8.37,252.1,333.2,310.6,324.2
2017Q1,76257.6,2068412.6,1162649.5,449359.4,322.3,329.6,302.3,,7.6,135154.95,3220.35,49589.15,82345.45,44366,37793.5,3139.9,14741.2,3737.8,1165.7,-3434.7,7643.1,700,45917.2,1411.5,247.5,1182.8,37.2,154.2,2920.5,372.51,1980.6,6913.2,268.5,1119.3,659.04,840,490.74,142.14,314.4,1681.53,-2901.12,1783.08,225.3,307.62,315.67,294.56,159960.96,48877.01,6860.51,10.12,18.8,6.1,899.97,15,65.61,101.4,101.5,101.1,97.78,97.22,108.22,96.47,104.05,,123.4,900770000,417320000,483450000,75.1,23,141382089,275937046,25937750,457492162,9377.71,9.2,96.15,43383.57,47.89,8345.19,20.8,8.56,253.9,342.8,317.9,332.8
2017Q2,120220.2,3189179.3,1788689.3,1452083.3,317.4,323,301.8,,20.6,628649.94,18563.12,237974.17,372112.64,49940,42280.4,2709.3,14073.3,3962.8,1021.6,-3706.1,13566.8,758.5,57566.2,1411.5,247.5,1722.7,37.2,154.2,5139.3,372.51,1980.6,8432.8,268.5,1119.3,659.04,840,490.74,142.14,314.4,1681.53,-2901.12,1783.08,225.3,309,314.45,296.43,163128.25,51022.82,6697.77,9.1,15,6.6,1909.48,13,185.06,101.4,101.5,101,93.62,98.23,109.74,83.74,106.09,,123.1,1013630000,446010000,567620000,43.9,28,142927570,303086609,28577313,539015984,28060.48,8.6,120.95,48423.54,45.39,7793.24,21.97,9.04,263.9,347.5,325.2,338.7
2017Q3,122753.7,3278213.1,1827617,2405570,318.7,324.7,301.8,,19,1190037.8,38350.8,447166.03,704520.95,39823,33027.1,2653,13459.5,4106.2,1062.3,-3300.8,6123.8,778.7,48389.7,1411.5,247.5,1754.9,37.2,154.2,4502.7,372.51,1980.6,6965.7,268.5,1119.3,659.04,840,490.74,142.14,314.4,1681.53,-2901.12,1783.08,219.9,308.82,314.19,294.43,165566.21,51786.3,6974.85,8.98,14,7.2,2969.33,11.7,295.58,101.5,101.6,101.1,96.77,102.57,106.21,88,103.93,,123.5,1065070000,473940000,591140000,43,20.8,139889145,334036063,28898803,562275997,45847.82,7.5,126.34,49774.84,47.14,9001.38,21.81,9.08,280.4,356.9,334.3,347.9
2017Q4,126182.8,3361343.7,1870494.9,3245590,317.6,322.9,301.9,,18.5,1724558.99,56967.16,643902.69,1023689.15,27619,22971,1426.8,9517.4,2744.3,740.1,-1921.8,4612.7,500.5,27687.4,941,165,1175.5,24.8,102.8,2652,248.34,1320.4,4313.1,179,746.2,439.36,560,327.16,94.76,209.6,1121.02,-1934.08,1188.72,212.1,308.99,314.17,293.26,169023.53,54379.01,7064.56,8.07,11.8,3.4,4104.47,11.4,422.51,101.6,101.7,101.3,98.6,100.6,99.5,94.8,103.7,123.9,123.4,1143230000,505080000,638150000,39.4,30.1,150787198,354287112,35118198,603039920,63168.4,7.2,128.14,49790.99,44.68,7684.5,86.16,35.69,282.6,378.1,352.3,367.8
2018Q1,79029.1,2124665,1197894.2,410456.7,311.1,314.6,300.8,,6,145389,4032,50663,90694,50546.41,44331.62,4019.89,17698.96,4331.68,1378.15,-3835.17,8534.98,744.15,50996.99,1411.5,247.5,1393.66,37.2,154.2,3646.6,372.51,1980.6,7474.32,268.5,1119.3,659.04,840,490.74,142.14,314.4,1681.53,-2901.12,1783.08,212.1,308.01,312.57,293.74,173985.95,52354.01,7269.26,8.2,7.1,6,1042.15,16.3,48.39,102.1,102.2,102,98.7,102.7,99.2,93.4,106.5,128,126.6,1043420000,497160000,546260000,57.6,52.9,164071244,333040119,30210638,516018671,10076.3,7.5,102.23,42992.1,45.3,8546.99,20.97,8.62,284.8,378.8,353.3,368.6
2018Q2,122622.8,3260876.9,1844928.6,1290776,312.2,316,300.8,,19.8,667717,21307,245388,401022,53784.27,47296.89,2848.68,15900.74,4187.93,1164.15,-3825.44,15393.24,709.74,60595.12,1411.5,247.5,2250.26,37.2,154.2,4708.87,372.51,1980.6,8925.82,268.5,1119.3,659.04,840,490.74,142.14,314.4,1681.53,-2901.12,1783.08,212.1,305.76,312.9,293.33,177017.84,54394.47,6958.93,8,6.6,3.9,2205.85,16,139.65,102,102,101.9,97,102.31,95.39,91.08,101.37,125.8,124.5,1164780000,534730000,630050000,61.6,36.8,173836578,360891657,34553618,594948164,29731.6,6,129.87,50831.39,43.82,8189.7,23.49,9.41,298.6,373.8,349.3,364
2018Q3,127916,3324364.3,1882490.6,2064013,312.3,315.8,302.1,,17.9,1254398,43368,467445,743585,41500.64,35857.53,3017.56,13756.07,4700.35,1152.13,-3741.96,6825.53,762.2,51697.38,1411.5,247.5,1794.86,37.2,154.2,4970.1,372.51,1980.6,7360.14,268.5,1119.3,659.04,840,490.74,142.14,314.4,1681.53,-2901.12,1783.08,212.1,302.62,310.64,296.23,180166.56,53857.41,7125.43,8.3,4,2.2,3431.93,15.7,221.38,102.1,102.1,102,100.28,100.28,99.3,99.99,100.88,123.6,122.7,1231710000,572040000,659690000,61.6,36.5,180349282,391636552,33509896,626114511,48344.2,5.4,135.31,51207.4,46.52,9475.75,23.25,9.28,312.1,366.3,342.8,356.8
2018Q4,131132.6,3395211.7,1924217.7,2823289.9,306.9,308.5,302.2,,17,1792470,63076,670379,1059014,26501.61,21514.77,642,10653.4,2909.72,877.86,-2007.32,7360.28,472.36,28461.8,941,165,637.18,24.8,102.8,3600.7,248.34,1320.4,3169.02,179,746.2,439.36,560,327.16,94.76,209.6,1121.02,-1934.08,1188.72,212.1,296.56,306.02,298.54,182674.42,55168.59,7320.84,8.1,1.5,3.6,4623.04,12.6,351.76,102.1,102.1,102.1,100.27,101.7,101.3,98.58,101.03,121.3,120.2,1196073000,530134000,665949000,16.8,16.6,180522575,348786281,36630593,629083202,63563.6,5.9,140.7,54970.9,43.71,8003.76,22.77,9.15,309.6,373.9,349.9,364.2
2019Q1,79235.5,2211496.4,1259675.8,392051.6,300.6,300.1,301.5,,8.5,146720,3358,47088,96275,,,,,,,,,,,,,,,,,,,,,,,,,,,,,,212.1,292.58,304.48,297.83,188941.21,54757.55,7494.16,8.6,4.6,3.1,1027.15,-1.5,76.33,101.83,101.9,101.8,98.33,102.01,100.46,94.75,97.17,127.9,126.6,1026936000,475514000,551424000,-14.3,2.5,167774577,307739130,30578920,520844141,10187.1,6.3,108.47,47446.16,44.35,8869.52,21.58,6.3,309.3,383.7,358.8,373.8
2019Q2,124740.3,3400685.3,1933520.3,1253446.4,301.5,301.2,302.7,,16.7,672402,18080,224364,429958,,,,,,,,,,,,,,,,,,,,,,,,,,,,,,212.1,291.63,303.94,296.76,192136.02,56769.62,7258.1,8.5,4.4,4.3,2161.15,-2,181.16,102.24,102.2,102.2,109.13,103.32,100.05,118.13,93.24,124.1,123.2,1133858000,513696000,620162000,-11.8,-2.9,182670934,331024147,33186954,586975586,29910,5.8,137.34,53171.42,43.18,8508.83,23.35,9.6,318.5,384.3,360,374.6
2019Q3,127799.9,3474606.1,1974689.6,2056412.1,297.7,296,302.6,,15,1210724,32355,387934,790435,,,,,,,,,,,,,,,,,,,,,,,,,,,,,,212.1,289.65,303.42,293.38,195225.05,55713.8,7412.98,8.4,3.4,4,3351.78,-2.4,298.43,102.46,102.4,102.6,113.92,101.1,98.23,131.99,101.17,124.3,123.4,1189839000,535376000,654463000,-19.4,-0.9,187936441,347418173,32578444,621884701,46120.4,5.4,143.2,55077.9,45.87,9837.27,23.48,9.98,338.1,381,355.6,370.9
2019Q4,130035.8,3555247.4,2017395.1,2864390.3,296.5,293.7,304.3,,17.8,1596076,36172,473541,1086363,,,,,,,,,,,,,,,,,,,,,,,,,,,,,,212.1,291.06,305.66,292.59,198648.88,57600.92,7718.95,8.7,4.4,5.4,4576.13,-1,421.93,102.9,102.8,103.2,128.5,98.51,101.81,169.69,99.66,123.6,122.8,1216887000,544366000,672521000,10.5,5.7,186916687,357074178,37653836,634245774,55147.8,5.4,145.03,55577.34,42.65,8132.65,23.44,9.68,327.1,388,356.5,375.5
2020Q1,86315.9,2315383.5,1307411.8,314739.3,298.2,296.2,303.9,,-1.1,117468,2201,34411,80856,,,,,,,,,,,,,,,,,,,,,,,,,,,,,,212.1,245.42,285.19,298.24,208092.34,57505.03,8302.22,10.1,5,10.8,943.01,-8.5,13.06,104.94,104.6,105.9,139,101.87,96.15,188.55,99.86,90.86,88.22,941731000,464614000,477117000,-6,-50.1,173617989,290995835,29666087,447451352,8414.5,-16.1,78.07,37026.08,18.46,4008.95,20.76,9.35,165.2,377.1,353.2,367.5
2020Q2,133411.8,3567750.6,2029277.7,1114945.8,290.2,286.2,302,,13.1,617621,17032,186417,414172,,,,,,,,,,,,,,,,,,,,,,,,,,,,,,212.1,256.74,293.51,301,213494.87,60431.8,7945.94,11.12,6.45,9.48,2029.69,-6.3,167.8,103.84,103.6,104.7,121.14,100.46,97.28,150.31,96.5,90.86,109.12,1086561000,465941000,620621000,-28.2,0.7,150539800,315400504,27916332,592704313,28160.3,-3.1,120.55,49328.59,21.11,3661.85,24.23,9.99,153.9,353.2,332.5,344.8
2020Q3,135626,3668239.2,2079005.6,1934852.9,293.5,290.7,301.2,,17.3,1144578,32522,337325,774731,,,,,,,,,,,,,,,,,,,,,,,,,,,,,,212.1,292.61,315.92,299.15,216408.48,60231.21,8237.09,10.9,8.1,11.1,3296.74,-1.8,326.05,103.3,103.1,104.1,114.8,102.8,97,132.4,101.3,122.54,121.15,1267043000,554395000,712648000,9.7,26.6,175600689,378794031,26904998,685740120,43653,0.8,129.12,52888.58,28.48,5834.51,25.21,10.75,228.5,364.9,337.7,354.1
2020Q4,138210.7,3784099.5,2135354.2,2841480.7,296,295,298.3,,21.2,1501759,37422,431971,1032366,,,,,,,,,,,,,,,,,,,,,,,,,,,,,,212.1,316.73,317.66,297.05,218679.59,62558.1,8431.45,10.1,8.6,9.2,4646.26,1.5,535.03,102.5,102.3,103,101.9,107.9,101.7,96.7,101.4,123.44,121.91,1362351000,575166000,787185000,15.7,50.6,177450205,397716075,31457841,755726180,51890.7,2.9,135.61,55918.69,28.6,5745.67,24.6,9.97,249.6,377.4,353.5,367.8
2021Q1,,,,,100.3,100.5,99.8,,,,,,,,,,,,,,,,,,,,,,,,,,,,,,,,,,,,,,,,,,,,,,,,,,,,,,,,,,,,,,,,,,,,,,41.55,17341.62,6.71,1307.7,8.39,3.65,80.1,126,118,122.8
